zone,local_year,baseload_price,solar_mwh,solar_capture_price,solar_capture_rate,solar_share,wind_mwh,wind_capture_price,wind_capture_rate,wind_share,total_generation_mwh,matched_hours,expected_hours,coverage,solar_coverage,wind_coverage,is_partial_year,partial_reason,data_through_date
BE,2019,39.35,3529165.323,36.23,0.920846,0.040307,8036911.155,35.82,0.910413,0.091790,87557666.095,8759.00,8760.00,0.999886,1.000000,1.000000,false,,2019-12-31
BE,2020,31.88,4259605.503,24.61,0.771936,0.051449,10957931.693,29.72,0.932055,0.132353,82793393.550,8784.00,8784.00,1.000000,1.000000,1.000000,false,,2020-12-31
BE,2021,104.12,4677961.879,76.78,0.737378,0.050146,10759281.220,94.26,0.905333,0.115334,93287679.930,8760.00,8760.00,1.000000,1.000000,1.000000,false,,2021-12-31
BE,2022,244.53,6419799.926,225.02,0.920212,0.071474,10895690.370,188.46,0.770714,0.121306,89819636.418,8760.00,8760.00,1.000000,1.000000,1.000000,false,,2022-12-31
BE,2023,97.27,7194358.535,76.21,0.783467,0.090124,14148600.872,82.58,0.848939,0.177240,79827240.594,8760.00,8760.00,1.000000,1.000000,1.000000,false,,2023-12-31
BE,2024,70.32,8325879.550,39.11,0.556129,0.114968,12600017.882,60.26,0.856903,0.173988,72419009.770,8784.00,8784.00,1.000000,1.000000,1.000000,false,,2024-12-31
BE,2025,82.57,10200056.676,42.46,0.514225,0.148220,12187644.014,71.24,0.862766,0.177103,68816891.597,8760.00,8760.00,1.000000,1.000000,1.000000,false,,2025-12-31
BE,2026,107.94,10242876.409,60.16,0.557329,0.231649,9099775.870,94.35,0.874080,0.205797,44217138.757,6599.00,6599.00,1.000000,1.000000,1.000000,true,current_year,2026-10-02
DE_LU,2019,37.67,41833086.170,34.91,0.926688,0.079788,124370239.775,32.80,0.870651,0.237211,524302554.418,8759.00,8760.00,0.999886,1.000000,1.000000,false,,2019-12-31
DE_LU,2020,30.47,45937437.473,24.51,0.804418,0.091004,130303894.893,25.25,0.828740,0.258138,504783965.965,8784.00,8784.00,1.000000,1.000000,1.000000,false,,2020-12-31
DE_LU,2021,96.85,46422079.028,75.46,0.779122,0.090581,113883417.013,83.19,0.858975,0.222215,512492554.560,8760.00,8760.00,1.000000,1.000000,1.000000,false,,2021-12-31
DE_LU,2022,235.45,55987505.433,222.27,0.944037,0.111723,126042732.813,173.47,0.736784,0.251517,501130022.635,8760.00,8760.00,1.000000,1.000000,1.000000,false,,2022-12-31
DE_LU,2023,95.18,55798732.248,72.18,0.758411,0.122716,143014949.690,79.90,0.839476,0.314527,454698731.435,8760.00,8760.00,1.000000,1.000000,1.000000,false,,2023-12-31
DE_LU,2024,78.51,63444048.353,46.23,0.588801,0.144541,138694087.685,65.82,0.838373,0.315979,438934102.920,8784.00,8784.00,1.000000,1.000000,1.000000,false,,2024-12-31
DE_LU,2025,89.32,74211622.895,45.94,0.514322,0.168956,133426172.259,78.95,0.883875,0.303769,439235578.065,8760.00,8760.00,1.000000,0.999971,1.000000,false,,2025-12-31
DE_LU,2026,108.37,77047941.094,56.19,0.518449,0.222901,99158104.202,97.08,0.895819,0.286866,345659963.465,6599.00,6599.00,1.000000,1.000000,1.000000,true,current_year,2026-10-02
ES,2019,47.68,14421334.000,48.58,1.018866,0.058546,52346548.000,45.65,0.957486,0.212511,246324252.000,8754.00,8760.00,0.999315,1.000000,1.000000,false,,2019-12-31
ES,2020,33.96,20030948.000,32.90,0.968733,0.083924,53150283.000,32.38,0.953595,0.222684,238680089.000,8783.00,8784.00,0.999886,1.000000,1.000000,false,,2020-12-31
ES,2021,111.93,25354416.000,102.40,0.914794,0.102518,59014746.000,103.79,0.927241,0.238619,247317504.000,8760.00,8760.00,1.000000,1.000000,1.000000,false,,2021-12-31
ES,2022,167.52,31089695.600,150.89,0.900699,0.118638,58827157.600,160.53,0.958273,0.224484,262054720.200,8760.00,8760.00,1.000000,1.000000,1.000000,false,,2022-12-31
ES,2023,87.10,40432425.000,72.79,0.835669,0.160535,61064323.000,76.21,0.874955,0.242453,251859966.000,8759.00,8760.00,0.999886,1.000000,1.000000,false,,2023-12-31
ES,2024,63.04,47318901.000,42.41,0.672688,0.188976,58976196.000,55.48,0.879990,0.235531,250396649.000,8783.25,8784.00,0.999915,1.000000,1.000000,false,,2024-12-31
ES,2025,65.29,52377634.000,36.05,0.552094,0.202757,55455122.000,63.20,0.968021,0.214670,258327628.000,8724.25,8760.00,0.995919,1.000000,1.000000,false,,2025-12-31
ES,2026,74.76,52469541.000,37.88,0.506659,0.256291,39033106.000,68.77,0.919856,0.190660,204726487.000,6598.75,6599.00,0.999962,1.000000,1.000000,true,current_year,2026-10-02
FR,2019,39.45,11421277.000,37.76,0.957122,0.021670,32701166.000,37.32,0.945971,0.062044,527065699.000,8757.00,8760.00,0.999658,1.000000,1.000000,false,,2019-12-31
FR,2020,32.20,12443394.000,29.86,0.927227,0.025335,38360147.000,30.15,0.936270,0.078103,491148180.000,8784.00,8784.00,1.000000,1.000000,1.000000,false,,2020-12-31
FR,2021,109.17,13666904.000,94.29,0.863681,0.026677,35183208.000,102.55,0.939322,0.068675,512315659.000,8760.00,8760.00,1.000000,1.000000,1.000000,false,,2021-12-31
FR,2022,275.88,17962203.000,291.50,1.056614,0.041465,36899736.000,234.12,0.848626,0.085182,433188669.000,8759.00,8760.00,0.999886,1.000000,1.000000,false,,2022-12-31
FR,2023,96.86,21532374.000,83.60,0.863111,0.044988,48062140.000,86.01,0.887990,0.100418,478621188.000,8757.00,8760.00,0.999658,0.999886,1.000000,false,,2023-12-31
FR,2024,58.02,23321248.968,39.25,0.676486,0.044530,45868147.990,52.35,0.902355,0.087582,523714685.725,8784.00,8784.00,1.000000,1.000000,1.000000,false,,2024-12-31
FR,2025,61.07,30261696.298,35.94,0.588489,0.056680,48582280.175,54.75,0.896388,0.090994,533906911.765,8755.25,8760.00,0.999458,1.000000,1.000000,false,,2025-12-31
FR,2026,82.32,30667778.123,44.46,0.540112,0.077286,34597598.208,73.40,0.891581,0.087190,396806984.095,6573.25,6599.00,0.996098,1.000000,1.000000,true,current_year,2026-10-02
IT_NORD,2019,51.25,7038527.000,50.54,0.986111,0.054263,86374.000,50.40,0.983404,0.000666,129712477.000,8759.00,8760.00,0.999886,1.000000,1.000000,false,,2019-12-31
IT_NORD,2020,37.79,7152164.000,33.35,0.882561,0.057695,107681.000,36.02,0.953253,0.000869,123965650.000,8784.00,8784.00,1.000000,1.000000,1.000000,false,,2020-12-31
IT_NORD,2021,125.20,7188074.000,106.19,0.848133,0.055927,113930.000,131.94,1.053800,0.000886,128526102.000,8760.00,8760.00,1.000000,1.000000,1.000000,false,,2021-12-31
IT_NORD,2022,307.81,7746075.000,315.82,1.026030,0.064216,187845.000,282.85,0.918912,0.001557,120626126.000,8760.00,8760.00,1.000000,1.000000,1.000000,false,,2022-12-31
IT_NORD,2023,127.78,8207320.000,109.20,0.854592,0.071837,494310.000,131.40,1.028349,0.004327,114248673.000,8760.00,8760.00,1.000000,1.000000,1.000000,false,,2023-12-31
IT_NORD,2024,107.41,9662834.000,96.10,0.894703,0.079457,493913.000,105.47,0.981978,0.004061,121611032.000,8784.00,8784.00,1.000000,1.000000,1.000000,false,,2024-12-31
IT_NORD,2025,115.86,12587111.250,94.82,0.818382,0.110349,387566.000,118.68,1.024328,0.003398,114066876.250,8760.00,8760.00,1.000000,1.000000,1.000000,false,,2025-12-31
IT_NORD,2026,146.31,11442927.000,123.74,0.845698,0.132349,246676.000,142.86,0.976388,0.002853,86460365.750,6599.00,6599.00,1.000000,1.000000,1.000000,true,current_year,2026-10-02
NL,2019,41.19,67323.035,38.79,0.941589,0.000616,6756590.450,40.13,0.974087,0.061812,109307904.770,8759.00,8760.00,0.999886,1.000000,1.000000,false,,2019-12-31
NL,2020,32.24,211393.848,25.41,0.788166,0.001877,9925103.565,30.86,0.957247,0.088125,112625208.000,8784.00,8784.00,1.000000,1.000000,1.000000,false,,2020-12-31
NL,2021,102.96,407966.798,78.99,0.767184,0.003743,12555841.163,99.24,0.963880,0.115205,108986760.493,8760.00,8760.00,1.000000,1.000000,1.000000,false,,2021-12-31
NL,2022,241.92,507163.213,224.02,0.925993,0.004645,14741059.680,198.84,0.821906,0.135008,109186566.130,8760.00,8760.00,1.000000,1.000000,1.000000,false,,2022-12-31
NL,2023,95.82,547225.742,70.92,0.740149,0.005030,19903566.620,83.77,0.874287,0.182957,108788245.017,8760.00,8760.00,1.000000,1.000000,1.000000,false,,2023-12-31
NL,2024,77.29,487369.277,46.57,0.602556,0.004588,22857437.363,68.32,0.883939,0.215168,106230515.035,8784.00,8784.00,1.000000,1.000000,1.000000,false,,2024-12-31
NL,2025,86.81,497598.210,53.29,0.613900,0.004219,22733582.387,79.51,0.915944,0.192734,117952916.145,8760.00,8760.00,1.000000,1.000000,1.000000,false,,2025-12-31
NL,2026,108.79,426073.572,64.15,0.589619,0.004793,15760227.121,98.01,0.900835,0.177278,88901265.202,6598.75,6599.00,0.999962,1.000000,1.000000,true,current_year,2026-10-02
PL,2019,46.20,,,,,2364248.880,44.74,0.968474,0.135174,17490398.270,1008.00,8760.00,0.115068,0.000000,1.000000,true,pln_prices_excluded,2019-12-31
PL,2020,46.66,,,,,15213594.480,43.62,0.935016,0.107790,141141155.490,8784.00,8784.00,1.000000,0.726890,1.000000,false,,2020-12-31
PL,2021,87.03,4614561.790,82.01,0.942327,0.028578,15248805.940,82.73,0.950546,0.094435,161474108.040,8760.00,8760.00,1.000000,1.000000,1.000000,false,,2021-12-31
PL,2022,166.72,9290400.410,150.94,0.905374,0.057108,18774943.000,139.48,0.836610,0.115410,162680259.900,8760.00,8760.00,1.000000,1.000000,1.000000,false,,2022-12-31
PL,2023,111.65,13223613.430,100.85,0.903224,0.086282,22116273.670,97.31,0.871583,0.144305,153260439.050,8760.00,8760.00,1.000000,1.000000,1.000000,false,,2023-12-31
PL,2024,96.26,17345139.097,72.02,0.748217,0.109466,23800164.411,84.25,0.875269,0.150204,158451840.833,8784.00,8784.00,1.000000,1.000000,1.000000,false,,2024-12-31
PL,2025,104.29,19228633.131,67.16,0.643976,0.120930,21893915.722,98.37,0.943249,0.137693,159005795.108,8760.00,8760.00,1.000000,1.000000,1.000000,false,,2025-12-31
PL,2026,118.03,20359557.263,69.43,0.588234,0.162129,15251392.630,113.18,0.958891,0.121451,125576024.239,6599.00,6599.00,1.000000,1.000000,1.000000,true,current_year,2026-10-02
PT,2019,47.87,1061744.100,48.76,1.018628,0.021682,13423233.900,45.04,0.940894,0.274122,48968059.700,8760.00,8760.00,1.000000,1.000000,1.000000,false,,2019-12-31
PT,2020,33.99,1266295.500,33.23,0.977820,0.025569,12067011.100,32.30,0.950439,0.243659,49524148.000,8784.00,8784.00,1.000000,1.000000,1.000000,false,,2020-12-31
PT,2021,112.02,1718941.900,107.49,0.959573,0.036704,12918719.900,110.31,0.984750,0.275848,46832677.500,8760.00,8760.00,1.000000,1.000000,1.000000,false,,2021-12-31
PT,2022,167.87,2531817.200,150.95,0.899158,0.057439,12936301.900,158.57,0.944601,0.293482,44078707.100,8760.00,8760.00,1.000000,1.000000,1.000000,false,,2022-12-31
PT,2023,88.28,3588577.600,73.02,0.827182,0.081190,12926558.700,76.76,0.869542,0.292457,44199789.500,8760.00,8760.00,1.000000,1.000000,1.000000,false,,2023-12-31
PT,2024,63.46,4908143.600,42.71,0.673001,0.107153,14143478.700,55.25,0.870618,0.308776,45805046.300,8784.00,8784.00,1.000000,1.000000,1.000000,false,,2024-12-31
PT,2025,66.18,6104491.400,35.34,0.533993,0.124643,13480781.300,60.67,0.916663,0.275255,48975692.900,8760.00,8760.00,1.000000,1.000000,1.000000,false,,2025-12-31
PT,2026,74.76,5519776.700,37.56,0.502475,0.151742,9428499.800,61.70,0.825392,0.259196,36376012.300,6599.00,6599.00,1.000000,1.000000,1.000000,true,current_year,2026-10-02
