zone,local_year,window_end_date,negative_hours,zero_or_negative_hours,covered_hours,expected_hours,baseload_price,solar_capture_price,solar_capture_rate,battery_revenue_eur_per_mw,ev_days,ev_immediate_eur,ev_overnight_eur,ev_smart_eur,ev_smart_saving_eur,ev_smart_saving_share,ev_overnight_saving_share,is_partial_window,partial_reason
BE,2019,2019-10-02,63.00,63.00,6598.00,6599.00,39.31,35.54,0.903978,12242.00,274,128.92,74.90,70.31,58.61,0.454630,0.419044,false,
BE,2020,2020-10-02,119.00,123.00,6623.00,6623.00,28.50,22.88,0.802671,12138.00,276,104.11,56.24,44.18,59.93,0.575628,0.459781,false,
BE,2021,2021-10-02,134.00,141.00,6599.00,6599.00,70.55,64.99,0.921121,23441.00,275,239.91,147.12,124.69,115.22,0.480278,0.386777,false,
BE,2022,2022-10-02,98.00,101.00,6599.00,6599.00,257.83,231.06,0.896156,83920.00,275,890.65,589.17,453.57,437.08,0.490745,0.338499,false,
BE,2023,2023-10-02,150.00,175.00,6599.00,6599.00,102.24,76.17,0.745038,39355.00,275,355.96,226.24,167.31,188.65,0.529962,0.364416,false,
BE,2024,2024-10-02,384.00,434.00,6623.00,6623.00,61.41,34.49,0.561527,41725.00,276,235.27,138.84,59.84,175.43,0.745667,0.409871,false,
BE,2025,2025-10-02,488.00,544.00,6599.00,6599.00,82.78,39.36,0.475506,57808.00,275,314.39,209.83,67.04,247.34,0.786753,0.332583,false,
BE,2026,2026-10-02,298.00,308.00,6599.00,6599.00,107.94,60.16,0.557329,73257.00,275,391.18,286.03,99.77,291.41,0.744947,0.268802,false,
DE_LU,2019,2019-10-02,168.00,169.00,6598.00,6599.00,38.06,34.45,0.905273,12050.00,274,129.99,79.10,69.02,60.97,0.469045,0.391511,false,
DE_LU,2020,2020-10-02,246.00,250.00,6623.00,6623.00,27.76,23.24,0.836976,13511.00,276,104.83,53.48,39.20,65.63,0.626045,0.489855,false,
DE_LU,2021,2021-10-02,127.00,134.00,6599.00,6599.00,69.42,65.34,0.941259,21178.00,275,238.57,150.57,128.99,109.58,0.459312,0.368867,false,
DE_LU,2022,2022-10-02,40.00,44.00,6599.00,6599.00,248.73,230.36,0.926152,79578.00,275,867.63,564.79,451.33,416.31,0.479819,0.349042,false,
DE_LU,2023,2023-10-02,191.00,207.00,6599.00,6599.00,99.51,72.14,0.724923,43691.00,275,359.17,228.00,152.24,206.93,0.576128,0.365195,false,
DE_LU,2024,2024-10-02,413.00,469.00,6623.00,6623.00,70.49,42.40,0.601490,49504.00,276,277.32,169.24,73.09,204.22,0.736423,0.389710,false,
DE_LU,2025,2025-10-02,525.00,603.00,6599.00,6599.00,88.19,42.30,0.479659,63263.00,275,353.62,226.95,77.25,276.37,0.781534,0.358229,false,
DE_LU,2026,2026-10-02,471.00,484.00,6599.00,6599.00,108.37,56.19,0.518454,78911.00,275,405.83,296.43,85.09,320.74,0.790330,0.269578,false,
ES,2019,2019-10-02,0.00,0.00,6598.00,6599.00,49.88,49.60,0.994326,4555.00,274,138.88,118.61,114.51,24.37,0.175477,0.145962,false,
ES,2020,2020-10-02,0.00,0.00,6623.00,6623.00,31.89,31.64,0.992123,5432.00,276,92.97,72.19,68.71,24.26,0.260953,0.223452,false,
ES,2021,2021-10-02,0.00,0.00,6599.00,6599.00,79.37,81.74,1.029857,12277.00,275,226.29,193.96,171.12,55.17,0.243796,0.142874,false,
ES,2022,2022-10-02,0.00,0.00,6599.00,6599.00,185.43,159.19,0.858491,35700.00,275,519.50,461.46,395.09,124.41,0.239474,0.111710,false,
ES,2023,2023-10-02,0.00,81.00,6599.00,6599.00,91.16,74.02,0.811947,32584.00,275,258.88,236.32,158.60,100.27,0.387339,0.087128,false,
ES,2024,2024-10-02,242.00,769.00,6623.00,6623.00,52.74,36.46,0.691213,31139.00,276,141.82,145.52,67.29,74.53,0.525526,-0.026076,false,
ES,2025,2025-10-02,535.00,760.00,6599.00,6599.00,63.56,34.35,0.540394,47697.00,275,184.66,177.17,60.72,123.95,0.671201,0.040552,false,
ES,2026,2026-10-02,747.00,907.00,6599.00,6599.00,74.76,37.88,0.506659,62771.00,275,184.07,248.23,41.39,142.68,0.775144,-0.348556,false,
FR,2019,2019-10-02,26.00,27.00,6598.00,6599.00,39.17,37.03,0.945402,10481.00,274,127.00,76.31,72.73,54.27,0.427290,0.399139,false,
FR,2020,2020-10-02,87.00,90.00,6623.00,6623.00,28.95,27.65,0.955047,10306.00,276,100.76,55.51,49.76,51.00,0.506126,0.449061,false,
FR,2021,2021-10-02,61.00,63.00,6599.00,6599.00,71.69,70.40,0.982064,21091.00,275,234.83,144.89,130.02,104.81,0.446321,0.383009,false,
FR,2022,2022-10-02,0.00,1.00,6599.00,6599.00,295.71,305.07,1.031645,69788.00,275,950.26,643.95,603.82,346.45,0.364578,0.322345,false,
FR,2023,2023-10-02,117.00,141.00,6599.00,6599.00,102.29,84.35,0.824676,35330.00,275,346.59,222.28,177.24,169.35,0.488621,0.358677,false,
FR,2024,2024-10-02,339.00,524.00,6623.00,6623.00,48.56,31.87,0.656300,33359.00,276,176.66,94.09,50.23,126.43,0.715644,0.467420,false,
FR,2025,2025-10-02,493.00,708.00,6599.00,6599.00,60.83,33.32,0.547822,43704.00,275,223.23,129.43,58.87,164.36,0.736286,0.420183,false,
FR,2026,2026-10-02,563.00,662.00,6599.00,6599.00,82.32,44.46,0.540112,66218.00,275,296.25,207.96,51.57,244.68,0.825925,0.298032,false,
IT_NORD,2019,2019-10-02,0.00,0.00,6598.00,6599.00,52.59,50.67,0.963459,10216.00,274,168.70,114.99,111.01,57.70,0.341998,0.318398,false,
IT_NORD,2020,2020-10-02,0.00,5.00,6623.00,6623.00,34.52,31.81,0.921428,9645.00,276,118.65,71.92,67.91,50.75,0.427692,0.393860,false,
IT_NORD,2021,2021-10-02,0.00,0.00,6599.00,6599.00,86.06,87.95,1.021953,13728.00,275,270.77,196.88,188.46,82.31,0.303987,0.272893,false,
IT_NORD,2022,2022-10-02,0.00,0.00,6599.00,6599.00,327.15,327.31,1.000479,58564.00,275,1043.02,768.44,715.29,327.73,0.314211,0.263250,false,
IT_NORD,2023,2023-10-02,0.00,0.00,6599.00,6599.00,128.97,108.24,0.839212,31652.00,275,426.73,304.35,268.98,157.75,0.369671,0.286797,false,
IT_NORD,2024,2024-10-02,0.00,0.00,6623.00,6623.00,101.08,92.77,0.917697,25512.00,276,337.47,239.66,206.33,131.15,0.388616,0.289835,false,
IT_NORD,2025,2025-10-02,0.00,10.00,6599.00,6599.00,116.04,93.15,0.802744,28874.00,275,383.48,288.07,228.08,155.40,0.405232,0.248799,false,
IT_NORD,2026,2026-10-02,0.00,14.00,6599.00,6599.00,146.31,123.74,0.845712,40188.00,275,473.05,372.79,274.28,198.77,0.420195,0.211943,false,
NL,2019,2019-10-02,2.00,2.00,6598.00,6599.00,41.82,38.07,0.910466,9973.00,274,135.12,89.16,86.39,48.73,0.360648,0.340149,false,
NL,2020,2020-10-02,89.00,97.00,6623.00,6623.00,28.98,23.65,0.816286,12424.00,276,107.09,56.50,47.04,60.04,0.560689,0.472417,false,
NL,2021,2021-10-02,65.00,78.00,6599.00,6599.00,71.89,68.26,0.949536,22307.00,275,241.02,155.36,134.21,106.81,0.443148,0.355389,false,
NL,2022,2022-10-02,73.00,92.00,6599.00,6599.00,256.00,229.89,0.897980,90059.00,275,883.66,595.73,432.76,450.90,0.510262,0.325844,false,
NL,2023,2023-10-02,238.00,280.00,6599.00,6599.00,99.15,70.23,0.708287,49266.00,275,359.46,228.38,130.57,228.89,0.636774,0.364661,false,
NL,2024,2024-10-02,427.00,503.00,6623.00,6623.00,68.77,43.06,0.626076,51224.00,276,269.65,168.00,56.74,212.91,0.789567,0.376981,false,
NL,2025,2025-10-02,538.00,604.00,6599.00,6599.00,86.58,50.60,0.584431,63832.00,275,340.55,221.75,67.23,273.32,0.802584,0.348842,false,
NL,2026,2026-10-02,388.00,399.00,6599.00,6599.00,108.79,64.21,0.590194,78382.00,275,400.10,294.70,88.47,311.63,0.778876,0.263453,false,
PL,2020,2020-10-02,0.00,0.00,6623.00,6623.00,44.24,,,7010.00,276,133.33,97.25,97.13,36.20,0.271523,0.270594,false,
PL,2021,2021-10-02,0.00,0.00,6599.00,6599.00,71.47,75.59,1.057620,10384.00,275,223.44,164.94,162.68,60.76,0.271928,0.261833,false,
PL,2022,2022-10-02,0.00,0.00,6599.00,6599.00,168.72,152.46,0.903637,70843.00,275,629.86,363.20,310.65,319.22,0.506803,0.423365,false,
PL,2023,2023-10-02,5.00,5.00,6599.00,6599.00,118.42,102.68,0.867075,27097.00,275,401.69,278.63,246.61,155.08,0.386068,0.306362,false,
PL,2024,2024-10-02,158.00,174.00,6623.00,6623.00,91.52,69.99,0.764779,51971.00,276,368.42,215.14,137.54,230.89,0.626691,0.416041,false,
PL,2025,2025-10-02,305.00,346.00,6599.00,6599.00,100.79,63.66,0.631559,70180.00,275,413.27,250.74,110.19,303.08,0.733367,0.393274,false,
PL,2026,2026-10-02,314.00,328.00,6599.00,6599.00,118.03,69.43,0.588234,87529.00,275,461.94,305.52,105.35,356.59,0.771944,0.338615,false,
PT,2019,2019-10-02,0.00,0.00,6599.00,6599.00,50.15,49.91,0.995313,4268.00,275,144.90,119.53,116.52,28.38,0.195877,0.175096,false,
PT,2020,2020-10-02,0.00,0.00,6623.00,6623.00,31.91,31.67,0.992254,5192.00,276,99.49,72.28,69.13,30.36,0.305122,0.273499,false,
PT,2021,2021-10-02,0.00,4.00,6599.00,6599.00,79.46,82.34,1.036214,11922.00,275,245.23,194.28,172.71,72.52,0.295707,0.207748,false,
PT,2022,2022-10-02,0.00,0.00,6599.00,6599.00,185.99,160.70,0.864042,35236.00,275,576.66,461.94,397.63,179.03,0.310460,0.198941,false,
PT,2023,2023-10-02,0.00,41.00,6599.00,6599.00,92.80,75.10,0.809289,30334.00,275,311.86,235.90,169.11,142.75,0.457734,0.243562,false,
PT,2024,2024-10-02,193.00,714.00,6623.00,6623.00,53.14,35.81,0.673834,30219.00,276,187.06,145.75,70.95,116.11,0.620697,0.220848,false,
PT,2025,2025-10-02,190.00,384.00,6599.00,6599.00,64.63,33.05,0.511413,46162.00,275,250.50,177.85,66.30,184.19,0.735315,0.290024,false,
PT,2026,2026-10-02,599.00,764.00,6599.00,6599.00,74.76,37.56,0.502475,59843.00,275,275.79,247.42,46.19,229.60,0.832508,0.102856,false,
