zone,local_year,negative_hours,zero_or_negative_hours,covered_hours,expected_hours,completeness,min_price,avg_price,avg_price_negative_periods,is_partial_year,partial_reason
BE,2019,71.00,71.00,8759.00,8760.00,0.9999,-500.00,39.35,-52.68,false,
BE,2020,136.00,140.00,8784.00,8784.00,1.0000,-115.31,31.88,-18.66,false,
BE,2021,159.00,167.00,8760.00,8760.00,1.0000,-70.00,104.12,-19.07,false,
BE,2022,112.00,117.00,8760.00,8760.00,1.0000,-100.00,244.53,-27.66,false,
BE,2023,222.00,253.00,8760.00,8760.00,1.0000,-120.00,97.27,-10.45,false,
BE,2024,404.00,457.00,8784.00,8784.00,1.0000,-140.00,70.32,-15.38,false,
BE,2025,520.25,577.00,8760.00,8760.00,1.0000,-462.33,82.57,-14.03,false,
BE,2026,303.75,348.75,6647.00,6647.00,1.0000,-499.29,108.39,-21.90,true,current_year
DE_LU,2019,211.00,212.00,8759.00,8760.00,0.9999,-90.01,37.67,-17.27,false,
DE_LU,2020,298.00,302.00,8784.00,8784.00,1.0000,-83.94,30.47,-15.51,false,
DE_LU,2021,139.00,146.00,8760.00,8760.00,1.0000,-69.00,96.85,-16.36,false,
DE_LU,2022,69.00,75.00,8760.00,8760.00,1.0000,-19.04,235.45,-2.08,false,
DE_LU,2023,301.00,325.00,8760.00,8760.00,1.0000,-500.00,95.18,-12.87,false,
DE_LU,2024,457.00,519.00,8784.00,8784.00,1.0000,-135.45,78.51,-11.50,false,
DE_LU,2025,574.75,661.50,8760.00,8760.00,1.0000,-250.32,89.32,-10.92,false,
DE_LU,2026,463.25,551.00,6647.00,6647.00,1.0000,-499.99,108.81,-16.83,true,current_year
ES,2019,0.00,0.00,8759.00,8760.00,0.9999,0.03,47.68,,false,
ES,2020,0.00,0.00,8784.00,8784.00,1.0000,1.02,33.96,,false,
ES,2021,0.00,0.00,8760.00,8760.00,1.0000,0.01,111.93,,false,
ES,2022,0.00,3.00,8760.00,8760.00,1.0000,0.00,167.52,,false,
ES,2023,0.00,109.00,8760.00,8760.00,1.0000,0.00,87.10,,false,
ES,2024,247.00,784.00,8784.00,8784.00,1.0000,-2.00,63.04,-0.40,false,
ES,2025,551.50,804.75,8760.00,8760.00,1.0000,-15.00,65.29,-2.11,false,
ES,2026,684.25,1020.25,6647.00,6647.00,1.0000,-10.00,75.44,-1.08,true,current_year
FR,2019,27.00,28.00,8759.00,8760.00,0.9999,-24.92,39.45,-6.05,false,
FR,2020,102.00,105.00,8784.00,8784.00,1.0000,-75.82,32.20,-11.13,false,
FR,2021,64.00,66.00,8760.00,8760.00,1.0000,-66.18,109.17,-13.31,false,
FR,2022,4.00,8.00,8760.00,8760.00,1.0000,-1.44,275.88,-0.68,false,
FR,2023,147.00,184.00,8760.00,8760.00,1.0000,-134.94,96.86,-6.84,false,
FR,2024,352.00,549.00,8784.00,8784.00,1.0000,-87.29,58.02,-10.16,false,
FR,2025,509.25,742.25,8760.00,8760.00,1.0000,-118.01,61.07,-6.52,false,
FR,2026,533.75,793.50,6647.00,6647.00,1.0000,-498.65,82.96,-12.62,true,current_year
IT_NORD,2019,0.00,0.00,8759.00,8760.00,0.9999,1.00,51.25,,false,
IT_NORD,2020,0.00,5.00,8784.00,8784.00,1.0000,0.00,37.79,,false,
IT_NORD,2021,0.00,0.00,8760.00,8760.00,1.0000,3.00,125.20,,false,
IT_NORD,2022,0.00,0.00,8760.00,8760.00,1.0000,10.00,307.81,,false,
IT_NORD,2023,0.00,0.00,8760.00,8760.00,1.0000,3.09,127.78,,false,
IT_NORD,2024,0.00,0.00,8784.00,8784.00,1.0000,0.10,107.41,,false,
IT_NORD,2025,0.00,10.00,8760.00,8760.00,1.0000,0.00,115.86,,false,
IT_NORD,2026,0.00,21.50,6647.00,6647.00,1.0000,0.00,146.59,,true,current_year
NL,2019,3.00,5.00,8759.00,8760.00,0.9999,-9.02,41.19,-4.32,false,
NL,2020,97.00,105.00,8784.00,8784.00,1.0000,-79.19,32.24,-9.57,false,
NL,2021,70.00,86.00,8760.00,8760.00,1.0000,-66.18,102.96,-14.82,false,
NL,2022,85.00,110.00,8760.00,8760.00,1.0000,-222.36,241.92,-34.61,false,
NL,2023,316.00,373.00,8760.00,8760.00,1.0000,-500.00,95.82,-26.06,false,
NL,2024,458.00,542.00,8784.00,8784.00,1.0000,-200.00,77.29,-18.60,false,
NL,2025,581.25,648.25,8760.00,8760.00,1.0000,-350.00,86.81,-12.12,false,
NL,2026,393.00,452.50,6647.00,6647.00,1.0000,-499.62,109.24,-17.18,true,current_year
PL,2019,0.00,0.00,1008.00,8760.00,0.1151,10.55,46.20,,true,pln_prices_excluded
PL,2020,0.00,0.00,8784.00,8784.00,1.0000,11.39,46.66,,false,
PL,2021,0.00,0.00,8760.00,8760.00,1.0000,12.20,87.03,,false,
PL,2022,0.00,0.00,8760.00,8760.00,1.0000,16.33,166.72,,false,
PL,2023,43.00,44.00,8760.00,8760.00,1.0000,-13.81,111.65,-4.94,false,
PL,2024,197.00,216.00,8784.00,8784.00,1.0000,-61.64,96.26,-10.34,false,
PL,2025,310.75,352.75,8760.00,8760.00,1.0000,-132.95,104.29,-15.72,false,
PL,2026,301.25,381.75,6647.00,6647.00,1.0000,-490.00,118.26,-25.46,true,current_year
PT,2019,0.00,0.00,8760.00,8760.00,1.0000,0.01,47.87,,false,
PT,2020,0.00,0.00,8784.00,8784.00,1.0000,1.02,33.99,,false,
PT,2021,0.00,4.00,8760.00,8760.00,1.0000,0.00,112.02,,false,
PT,2022,0.00,4.00,8760.00,8760.00,1.0000,0.00,167.87,,false,
PT,2023,0.00,69.00,8760.00,8760.00,1.0000,0.00,88.28,,false,
PT,2024,196.00,723.00,8784.00,8784.00,1.0000,-2.00,63.46,-0.26,false,
PT,2025,198.50,413.25,8760.00,8760.00,1.0000,-5.00,66.18,-0.97,false,
PT,2026,538.00,872.50,6622.00,6622.00,1.0000,-10.00,75.07,-1.07,true,current_year
