zone,local_year,battery_duration_h,revenue_eur_per_mw,avg_daily_revenue_eur_per_mw,avg_spread_captured_eur_mwh,avg_sell_price,avg_buy_price,cycles,avg_daily_cycles,charged_negative_mwh,negative_charging_revenue_eur,negative_revenue_share,heuristic_revenue_eur_per_mw,lp_uplift,days_solved,expected_hours,coverage,is_partial_year,partial_reason,data_through_date
BE,2019,1,8954.00,24.60,29.62,54.52,24.90,364.000000,1.000000,18.924,706.00,0.078853,7981.00,0.121958,364,8760.00,0.997260,false,,2019-12-31
BE,2019,2,16572.00,45.53,27.77,53.43,25.66,364.000000,1.000000,33.056,1336.00,0.080609,14816.00,0.118554,364,8760.00,0.997260,false,,2019-12-31
BE,2019,4,27872.00,76.57,24.16,51.56,27.40,363.700000,0.999000,48.320,2009.00,0.072083,25170.00,0.107379,364,8760.00,0.997260,false,,2019-12-31
BE,2020,1,9357.00,25.57,29.71,47.74,18.03,366.000000,1.000000,28.716,672.00,0.071858,7947.00,0.177447,366,8784.00,1.000000,false,,2020-12-31
BE,2020,2,17208.00,47.02,27.61,46.30,18.69,366.000000,1.000000,56.036,1209.00,0.070247,14757.00,0.166078,366,8784.00,1.000000,false,,2020-12-31
BE,2020,4,29420.00,80.38,24.17,44.27,20.10,365.900000,1.000000,92.376,1945.00,0.066097,25849.00,0.138155,366,8784.00,1.000000,false,,2020-12-31
BE,2021,1,24318.00,66.62,80.11,146.74,66.63,365.000000,1.000000,29.716,771.00,0.031690,19161.00,0.269141,365,8760.00,1.000000,false,,2021-12-31
BE,2021,2,45021.00,123.35,75.09,143.59,68.51,365.000000,1.000000,56.904,1385.00,0.030753,37005.00,0.216615,365,8760.00,1.000000,false,,2021-12-31
BE,2021,4,77527.00,212.40,66.47,138.62,72.14,364.800000,0.999000,98.960,2159.00,0.027853,66289.00,0.169540,365,8760.00,1.000000,false,,2021-12-31
BE,2022,1,58211.00,159.48,190.83,343.52,152.68,365.000000,1.000000,31.518,1187.00,0.020393,46026.00,0.264764,365,8760.00,1.000000,false,,2022-12-31
BE,2022,2,107719.00,295.12,178.87,337.05,158.18,365.000000,1.000000,55.508,1941.00,0.018017,85264.00,0.263364,365,8760.00,1.000000,false,,2022-12-31
BE,2022,4,184730.00,506.11,157.83,325.99,168.15,364.900000,1.000000,88.376,2735.00,0.014803,153520.00,0.203297,365,8760.00,1.000000,false,,2022-12-31
BE,2023,1,27446.00,75.19,87.85,144.28,56.43,365.000000,1.000000,43.244,778.00,0.028338,21706.00,0.264431,365,8760.00,1.000000,false,,2023-12-31
BE,2023,2,51210.00,140.30,82.75,141.15,58.40,365.000000,1.000000,78.696,1340.00,0.026159,42013.00,0.218922,365,8760.00,1.000000,false,,2023-12-31
BE,2023,4,88205.00,241.66,72.95,135.52,62.57,364.900000,1.000000,131.752,1965.00,0.022277,75533.00,0.167770,365,8760.00,1.000000,false,,2023-12-31
BE,2024,1,29352.00,80.20,89.65,120.16,30.51,366.000000,1.000000,86.752,1842.00,0.062768,24755.00,0.185711,366,8784.00,1.000000,false,,2024-12-31
BE,2024,2,54875.00,149.93,84.29,116.36,32.07,366.000000,1.000000,162.052,3307.00,0.060263,46280.00,0.185716,366,8784.00,1.000000,false,,2024-12-31
BE,2024,4,94485.00,258.16,73.65,109.23,35.58,366.000000,1.000000,272.353,5242.00,0.055479,80440.00,0.174594,366,8784.00,1.000000,false,,2024-12-31
BE,2025,1,36621.00,100.33,111.14,141.81,30.67,365.000000,1.000000,109.704,2640.00,0.072082,30035.00,0.219296,365,8760.00,1.000000,false,,2025-12-31
BE,2025,2,68212.00,186.88,104.06,136.71,32.65,365.000000,1.000000,208.457,4730.00,0.069345,56508.00,0.207130,365,8760.00,1.000000,false,,2025-12-31
BE,2025,4,116667.00,319.64,90.34,128.06,37.71,364.900000,1.000000,364.799,6762.00,0.057961,97030.00,0.202383,365,8760.00,1.000000,false,,2025-12-31
BE,2026,1,39594.00,143.98,158.20,192.79,34.59,275.000000,1.000000,70.260,2208.00,0.055768,32343.00,0.224201,275,6599.00,1.000000,true,current_year,2026-10-02
BE,2026,2,73257.00,266.39,147.07,184.40,37.32,275.000000,1.000000,131.080,4011.00,0.054759,61737.00,0.186604,275,6599.00,1.000000,true,current_year,2026-10-02
BE,2026,4,125520.00,456.44,127.58,171.13,43.55,275.000000,1.000000,222.650,6027.00,0.048015,105220.00,0.192931,275,6599.00,1.000000,true,current_year,2026-10-02
DE_LU,2019,1,8801.00,24.18,29.06,53.16,24.10,364.000000,1.000000,40.310,742.00,0.084333,7240.00,0.215696,364,8760.00,0.997260,false,,2019-12-31
DE_LU,2019,2,16471.00,45.25,27.49,52.18,24.70,363.900000,1.000000,76.960,1351.00,0.082011,13964.00,0.179539,364,8760.00,0.997260,false,,2019-12-31
DE_LU,2019,4,28392.00,78.00,24.39,50.34,25.95,362.900000,0.997000,127.497,2125.00,0.074837,24806.00,0.144542,364,8760.00,0.997260,false,,2019-12-31
DE_LU,2020,1,9936.00,27.15,31.17,47.50,16.34,366.000000,1.000000,51.706,1142.00,0.114954,8121.00,0.223505,366,8784.00,1.000000,false,,2020-12-31
DE_LU,2020,2,18345.00,50.12,29.03,45.99,16.96,366.000000,1.000000,95.016,2049.00,0.111697,15030.00,0.220507,366,8784.00,1.000000,false,,2020-12-31
DE_LU,2020,4,31395.00,85.78,25.36,43.64,18.29,365.900000,1.000000,165.808,3254.00,0.103652,27001.00,0.162706,366,8784.00,1.000000,false,,2020-12-31
DE_LU,2021,1,23089.00,63.26,76.00,138.81,62.81,365.000000,1.000000,25.518,621.00,0.026878,16808.00,0.373710,365,8760.00,1.000000,false,,2021-12-31
DE_LU,2021,2,43353.00,118.77,72.02,135.94,63.92,365.000000,1.000000,49.508,1128.00,0.026025,33523.00,0.293226,365,8760.00,1.000000,false,,2021-12-31
DE_LU,2021,4,75956.00,208.10,64.63,131.34,66.70,364.500000,0.999000,86.696,1729.00,0.022759,62886.00,0.207833,365,8760.00,1.000000,false,,2021-12-31
DE_LU,2022,1,54171.00,148.41,179.30,333.75,154.46,364.900000,1.000000,12.792,62.00,0.001139,41487.00,0.305735,365,8760.00,1.000000,false,,2022-12-31
DE_LU,2022,2,102138.00,279.83,170.82,328.17,157.35,364.500000,0.999000,25.188,104.00,0.001022,81636.00,0.251136,365,8760.00,1.000000,false,,2022-12-31
DE_LU,2022,4,178817.00,489.91,153.21,317.29,164.08,364.200000,0.998000,42.448,133.00,0.000742,148632.00,0.203085,365,8760.00,1.000000,false,,2022-12-31
DE_LU,2023,1,29705.00,81.38,94.07,147.66,53.60,365.000000,1.000000,46.838,1192.00,0.040134,23503.00,0.263917,365,8760.00,1.000000,false,,2023-12-31
DE_LU,2023,2,55478.00,151.99,88.52,143.59,55.07,365.000000,1.000000,92.280,2169.00,0.039089,44646.00,0.242614,365,8760.00,1.000000,false,,2023-12-31
DE_LU,2023,4,95021.00,260.33,77.49,136.60,59.11,364.700000,0.999000,165.600,3232.00,0.034011,78713.00,0.207181,365,8760.00,1.000000,false,,2023-12-31
DE_LU,2024,1,35444.00,96.84,108.04,143.29,35.25,366.000000,1.000000,93.214,1523.00,0.042971,29659.00,0.195051,366,8784.00,1.000000,false,,2024-12-31
DE_LU,2024,2,66047.00,180.46,101.14,137.44,36.31,366.000000,1.000000,175.976,2847.00,0.043105,55585.00,0.188222,366,8784.00,1.000000,false,,2024-12-31
DE_LU,2024,4,110730.00,302.54,86.13,125.71,39.58,365.500000,0.999000,304.465,4521.00,0.040827,92793.00,0.193301,366,8784.00,1.000000,false,,2024-12-31
DE_LU,2025,1,41076.00,112.54,124.83,160.51,35.68,365.000000,1.000000,108.186,2051.00,0.049925,34094.00,0.204788,365,8760.00,1.000000,false,,2025-12-31
DE_LU,2025,2,76060.00,208.38,116.15,153.27,37.12,364.900000,1.000000,210.895,3810.00,0.050094,63265.00,0.202245,365,8760.00,1.000000,false,,2025-12-31
DE_LU,2025,4,128963.00,353.32,99.97,141.57,41.60,364.500000,0.999000,384.425,5712.00,0.044290,108507.00,0.188524,365,8760.00,1.000000,false,,2025-12-31
DE_LU,2026,1,42375.00,154.09,168.35,198.29,29.94,275.000000,1.000000,92.926,2531.00,0.059723,35793.00,0.183888,275,6599.00,1.000000,true,current_year,2026-10-02
DE_LU,2026,2,78911.00,286.95,157.36,189.75,32.39,275.000000,1.000000,183.839,4636.00,0.058747,66968.00,0.178342,275,6599.00,1.000000,true,current_year,2026-10-02
DE_LU,2026,4,135445.00,492.53,136.54,175.26,38.72,275.000000,1.000000,330.243,7011.00,0.051764,114683.00,0.181031,275,6599.00,1.000000,true,current_year,2026-10-02
ES,2019,1,3849.00,10.57,17.59,55.34,37.75,329.600000,0.906000,0.000,0.00,0.000000,3361.00,0.145262,364,8760.00,0.997260,false,,2019-12-31
ES,2019,2,7226.00,19.85,17.09,54.89,37.80,322.600000,0.886000,0.000,0.00,0.000000,6356.00,0.136881,364,8760.00,0.997260,false,,2019-12-31
ES,2019,4,12307.00,33.81,16.00,54.07,38.07,303.300000,0.833000,0.000,0.00,0.000000,11198.00,0.099077,364,8760.00,0.997260,false,,2019-12-31
ES,2020,1,4464.00,12.20,16.72,42.39,25.66,359.900000,0.983000,0.000,0.00,0.000000,3835.00,0.164197,366,8784.00,1.000000,false,,2020-12-31
ES,2020,2,8362.00,22.85,16.01,41.95,25.94,357.300000,0.976000,0.000,0.00,0.000000,7357.00,0.136604,366,8784.00,1.000000,false,,2020-12-31
ES,2020,4,14199.00,38.80,14.51,41.09,26.58,347.700000,0.950000,0.000,0.00,0.000000,12734.00,0.115014,366,8784.00,1.000000,false,,2020-12-31
ES,2021,1,12661.00,34.69,50.37,136.79,86.43,349.800000,0.958000,0.000,0.00,0.000000,10693.00,0.184025,365,8760.00,1.000000,false,,2021-12-31
ES,2021,2,23771.00,65.13,48.36,135.39,87.04,347.200000,0.951000,0.000,0.00,0.000000,20443.00,0.162774,365,8760.00,1.000000,false,,2021-12-31
ES,2021,4,39913.00,109.35,44.22,132.48,88.25,330.400000,0.905000,0.000,0.00,0.000000,35034.00,0.139250,365,8760.00,1.000000,false,,2021-12-31
ES,2022,1,25648.00,70.27,92.61,219.14,126.53,362.800000,0.994000,0.000,0.00,0.000000,21131.00,0.213768,365,8760.00,1.000000,false,,2022-12-31
ES,2022,2,47693.00,130.67,87.86,215.67,127.81,360.900000,0.989000,0.000,0.00,0.000000,40146.00,0.187978,365,8760.00,1.000000,false,,2022-12-31
ES,2022,4,80073.00,219.38,77.66,208.85,131.19,357.000000,0.978000,0.000,0.00,0.000000,67284.00,0.190077,365,8760.00,1.000000,false,,2022-12-31
ES,2023,1,22099.00,60.55,71.99,126.64,54.64,365.000000,1.000000,0.000,0.00,0.000000,18058.00,0.223764,365,8760.00,1.000000,false,,2023-12-31
ES,2023,2,41684.00,114.20,68.47,124.17,55.70,365.000000,1.000000,0.000,0.00,0.000000,34717.00,0.200702,365,8760.00,1.000000,false,,2023-12-31
ES,2023,4,72597.00,198.90,61.02,118.92,57.91,364.200000,0.998000,0.000,0.00,0.000000,60204.00,0.205844,365,8760.00,1.000000,false,,2023-12-31
ES,2024,1,22398.00,61.20,69.74,102.78,33.04,366.000000,1.000000,46.706,24.00,0.001083,17900.00,0.251313,366,8784.00,1.000000,false,,2024-12-31
ES,2024,2,42148.00,115.16,65.98,99.70,33.72,366.000000,1.000000,85.902,45.00,0.001071,34057.00,0.237579,366,8784.00,1.000000,false,,2024-12-31
ES,2024,4,73083.00,199.68,58.15,93.45,35.30,365.100000,0.998000,151.391,75.00,0.001020,58401.00,0.251391,366,8784.00,1.000000,false,,2024-12-31
ES,2025,1,32213.00,88.25,97.37,121.50,24.13,365.000000,1.000000,93.610,240.00,0.007452,26458.00,0.217512,365,8760.00,1.000000,false,,2025-12-31
ES,2025,2,60742.00,166.42,92.10,117.00,24.91,365.000000,1.000000,180.923,452.00,0.007434,50441.00,0.204209,365,8760.00,1.000000,false,,2025-12-31
ES,2025,4,106585.00,292.01,81.50,108.43,26.93,365.000000,1.000000,326.276,784.00,0.007352,87259.00,0.221474,365,8760.00,1.000000,false,,2025-12-31
ES,2026,1,32806.00,119.30,129.18,143.91,14.73,275.000000,1.000000,119.378,151.00,0.004608,27554.00,0.190606,275,6599.00,1.000000,true,current_year,2026-10-02
ES,2026,2,62771.00,228.26,123.77,139.24,15.47,275.000000,1.000000,231.689,287.00,0.004579,53107.00,0.181971,275,6599.00,1.000000,true,current_year,2026-10-02
ES,2026,4,114214.00,415.32,113.00,129.96,16.97,275.000000,1.000000,430.090,513.00,0.004491,91088.00,0.253876,275,6599.00,1.000000,true,current_year,2026-10-02
FR,2019,1,8010.00,22.01,26.97,52.73,25.76,364.000000,1.000000,10.528,89.00,0.011166,7300.00,0.097287,364,8760.00,0.997260,false,,2019-12-31
FR,2019,2,14799.00,40.66,25.28,51.75,26.47,364.000000,1.000000,18.528,131.00,0.008879,13594.00,0.088673,364,8760.00,0.997260,false,,2019-12-31
FR,2019,4,25088.00,68.92,22.20,50.17,27.98,363.700000,0.999000,24.264,161.00,0.006424,23160.00,0.083259,364,8760.00,0.997260,false,,2019-12-31
FR,2020,1,8134.00,22.22,26.37,46.00,19.63,366.000000,1.000000,24.386,383.00,0.047064,7286.00,0.116367,366,8784.00,1.000000,false,,2020-12-31
FR,2020,2,14983.00,40.94,24.58,44.78,20.20,366.000000,1.000000,46.376,651.00,0.043460,13460.00,0.113194,366,8784.00,1.000000,false,,2020-12-31
FR,2020,4,25335.00,69.22,21.39,42.95,21.56,365.900000,1.000000,72.320,873.00,0.034440,23021.00,0.100547,366,8784.00,1.000000,false,,2020-12-31
FR,2021,1,21752.00,59.59,73.39,145.75,72.36,365.000000,1.000000,16.990,325.00,0.014958,18795.00,0.157330,365,8760.00,1.000000,false,,2021-12-31
FR,2021,2,40340.00,110.52,69.05,143.41,74.36,365.000000,1.000000,32.320,574.00,0.014223,35492.00,0.136597,365,8760.00,1.000000,false,,2021-12-31
FR,2021,4,68464.00,187.57,60.77,139.37,78.60,364.500000,0.999000,48.056,757.00,0.011063,61423.00,0.114632,365,8760.00,1.000000,false,,2021-12-31
FR,2022,1,49862.00,136.61,172.74,371.54,198.80,365.000000,1.000000,1.066,2.00,0.000030,41739.00,0.194610,365,8760.00,1.000000,false,,2022-12-31
FR,2022,2,92181.00,252.55,162.21,364.60,202.39,365.000000,1.000000,2.132,3.00,0.000028,77636.00,0.187358,365,8760.00,1.000000,false,,2022-12-31
FR,2022,4,153629.00,420.90,140.96,350.47,209.50,364.300000,0.998000,4.000,3.00,0.000018,134654.00,0.140918,365,8760.00,1.000000,false,,2022-12-31
FR,2023,1,25205.00,69.05,81.62,140.32,58.71,365.000000,1.000000,30.650,370.00,0.014687,20562.00,0.225767,365,8760.00,1.000000,false,,2023-12-31
FR,2023,2,47065.00,128.94,76.99,137.61,60.61,365.000000,1.000000,56.772,587.00,0.012467,39206.00,0.200454,365,8760.00,1.000000,false,,2023-12-31
FR,2023,4,81345.00,222.86,68.18,132.63,64.45,365.000000,1.000000,98.432,813.00,0.009995,70274.00,0.157530,365,8760.00,1.000000,false,,2023-12-31
FR,2024,1,24312.00,66.43,74.31,99.94,25.63,366.000000,1.000000,69.158,1096.00,0.045076,19240.00,0.263653,366,8784.00,1.000000,false,,2024-12-31
FR,2024,2,45396.00,124.03,69.80,96.87,27.07,366.000000,1.000000,134.996,1958.00,0.043121,36980.00,0.227584,366,8784.00,1.000000,false,,2024-12-31
FR,2024,4,78684.00,214.98,61.39,91.46,30.07,366.000000,1.000000,233.087,3021.00,0.038400,65866.00,0.194607,366,8784.00,1.000000,false,,2024-12-31
FR,2025,1,29783.00,81.60,90.10,112.98,22.88,365.000000,1.000000,95.110,1169.00,0.039262,23590.00,0.262504,365,8760.00,1.000000,false,,2025-12-31
FR,2025,2,55340.00,151.62,84.18,108.86,24.68,365.000000,1.000000,182.805,2098.00,0.037913,44584.00,0.241269,365,8760.00,1.000000,false,,2025-12-31
FR,2025,4,95364.00,261.27,73.47,101.66,28.19,365.000000,1.000000,332.418,3009.00,0.031556,79175.00,0.204467,365,8760.00,1.000000,false,,2025-12-31
FR,2026,1,35483.00,129.03,139.90,157.12,17.23,275.000000,1.000000,104.500,2211.00,0.062309,29104.00,0.219171,275,6599.00,1.000000,true,current_year,2026-10-02
FR,2026,2,66218.00,240.79,131.04,150.82,19.78,275.000000,1.000000,196.068,4020.00,0.060706,55606.00,0.190843,275,6599.00,1.000000,true,current_year,2026-10-02
FR,2026,4,116234.00,422.67,116.03,140.92,24.88,275.000000,1.000000,352.199,6063.00,0.052163,96914.00,0.199350,275,6599.00,1.000000,true,current_year,2026-10-02
IT_NORD,2019,1,7704.00,21.16,27.79,66.16,38.36,364.000000,1.000000,0.000,0.00,0.000000,6962.00,0.106523,364,8760.00,0.997260,false,,2019-12-31
IT_NORD,2019,2,14326.00,39.36,26.26,65.00,38.74,363.900000,1.000000,0.000,0.00,0.000000,12988.00,0.103038,364,8760.00,0.997260,false,,2019-12-31
IT_NORD,2019,4,24466.00,67.21,23.44,63.16,39.72,361.800000,0.994000,0.000,0.00,0.000000,22405.00,0.091971,364,8760.00,0.997260,false,,2019-12-31
IT_NORD,2020,1,7679.00,20.98,25.93,52.07,26.14,366.000000,1.000000,0.000,0.00,0.000000,7138.00,0.075803,366,8784.00,1.000000,false,,2020-12-31
IT_NORD,2020,2,14302.00,39.08,24.47,50.96,26.49,365.500000,0.999000,0.000,0.00,0.000000,13263.00,0.078304,366,8784.00,1.000000,false,,2020-12-31
IT_NORD,2020,4,24376.00,66.60,21.58,49.02,27.44,364.200000,0.995000,0.000,0.00,0.000000,22583.00,0.079407,366,8784.00,1.000000,false,,2020-12-31
IT_NORD,2021,1,15676.00,42.95,59.31,156.70,97.38,363.000000,0.995000,0.000,0.00,0.000000,14026.00,0.117655,365,8760.00,1.000000,false,,2021-12-31
IT_NORD,2021,2,28922.00,79.24,55.95,154.30,98.35,362.400000,0.993000,0.000,0.00,0.000000,26214.00,0.103295,365,8760.00,1.000000,false,,2021-12-31
IT_NORD,2021,4,48643.00,133.27,49.90,150.42,100.52,358.200000,0.981000,0.000,0.00,0.000000,44676.00,0.088807,365,8760.00,1.000000,false,,2021-12-31
IT_NORD,2022,1,43911.00,120.30,160.58,397.70,237.12,365.000000,1.000000,0.000,0.00,0.000000,40280.00,0.090142,365,8760.00,1.000000,false,,2022-12-31
IT_NORD,2022,2,81296.00,222.73,151.41,391.20,239.78,365.000000,1.000000,0.000,0.00,0.000000,74405.00,0.092610,365,8760.00,1.000000,false,,2022-12-31
IT_NORD,2022,4,136479.00,373.91,133.98,379.56,245.58,361.900000,0.992000,0.000,0.00,0.000000,126386.00,0.079853,365,8760.00,1.000000,false,,2022-12-31
IT_NORD,2023,1,22098.00,60.54,77.82,173.94,96.12,364.000000,0.997000,0.000,0.00,0.000000,19798.00,0.116161,365,8760.00,1.000000,false,,2023-12-31
IT_NORD,2023,2,40609.00,111.26,72.86,170.33,97.47,363.300000,0.995000,0.000,0.00,0.000000,36541.00,0.111315,365,8760.00,1.000000,false,,2023-12-31
IT_NORD,2023,4,67065.00,183.74,63.57,164.08,100.51,358.400000,0.982000,0.000,0.00,0.000000,61138.00,0.096943,365,8760.00,1.000000,false,,2023-12-31
IT_NORD,2024,1,18569.00,50.73,64.91,144.26,79.35,365.900000,1.000000,0.000,0.00,0.000000,16529.00,0.123372,366,8784.00,1.000000,false,,2024-12-31
IT_NORD,2024,2,34643.00,94.65,61.52,142.13,80.62,365.500000,0.999000,0.000,0.00,0.000000,30846.00,0.123096,366,8784.00,1.000000,false,,2024-12-31
IT_NORD,2024,4,58082.00,158.70,54.02,137.35,83.33,362.900000,0.992000,0.000,0.00,0.000000,52502.00,0.106297,366,8784.00,1.000000,false,,2024-12-31
IT_NORD,2025,1,19836.00,54.35,69.49,153.04,83.54,363.900000,0.997000,0.000,0.00,0.000000,17239.00,0.150668,365,8760.00,1.000000,false,,2025-12-31
IT_NORD,2025,2,36558.00,100.16,65.19,150.14,84.94,363.500000,0.996000,0.000,0.00,0.000000,31949.00,0.144249,365,8760.00,1.000000,false,,2025-12-31
IT_NORD,2025,4,61780.00,169.26,57.42,145.66,88.25,362.800000,0.994000,0.000,0.00,0.000000,55029.00,0.122682,365,8760.00,1.000000,false,,2025-12-31
IT_NORD,2026,1,22159.00,80.58,99.13,196.20,97.06,275.000000,1.000000,0.000,0.00,0.000000,19307.00,0.147739,275,6599.00,1.000000,true,current_year,2026-10-02
IT_NORD,2026,2,40188.00,146.14,91.56,191.77,100.21,275.000000,1.000000,0.000,0.00,0.000000,35404.00,0.135147,275,6599.00,1.000000,true,current_year,2026-10-02
IT_NORD,2026,4,67031.00,243.75,79.40,185.27,105.87,275.000000,1.000000,0.000,0.00,0.000000,58861.00,0.138813,275,6599.00,1.000000,true,current_year,2026-10-02
NL,2019,1,7593.00,20.86,26.31,56.20,29.89,364.000000,1.000000,2.066,13.00,0.001649,6630.00,0.145364,364,8760.00,0.997260,false,,2019-12-31
NL,2019,2,13822.00,37.97,24.40,54.85,30.45,363.900000,1.000000,3.000,13.00,0.000938,12205.00,0.132438,364,8760.00,0.997260,false,,2019-12-31
NL,2019,4,23098.00,63.46,21.25,52.74,31.49,363.000000,0.997000,3.000,13.00,0.000562,20579.00,0.122390,364,8760.00,0.997260,false,,2019-12-31
NL,2020,1,9687.00,26.47,30.81,49.83,19.02,366.000000,1.000000,23.188,323.00,0.033314,8202.00,0.181098,366,8784.00,1.000000,false,,2020-12-31
NL,2020,2,17716.00,48.41,28.47,48.07,19.60,366.000000,1.000000,42.112,552.00,0.031130,15319.00,0.156467,366,8784.00,1.000000,false,,2020-12-31
NL,2020,4,30057.00,82.12,24.74,45.62,20.88,365.900000,1.000000,68.584,762.00,0.025343,26100.00,0.151609,366,8784.00,1.000000,false,,2020-12-31
NL,2021,1,24234.00,66.40,79.99,147.52,67.53,365.000000,1.000000,19.122,408.00,0.016825,18750.00,0.292484,365,8760.00,1.000000,false,,2021-12-31
NL,2021,2,44920.00,123.07,75.01,144.05,69.04,365.000000,1.000000,36.584,710.00,0.015808,35681.00,0.258924,365,8760.00,1.000000,false,,2021-12-31
NL,2021,4,77668.00,212.79,66.61,138.73,72.13,364.600000,0.999000,58.848,974.00,0.012534,65081.00,0.193403,365,8760.00,1.000000,false,,2021-12-31
NL,2022,1,61280.00,167.89,199.02,346.07,147.05,365.000000,1.000000,26.254,1053.00,0.017189,48033.00,0.275799,365,8760.00,1.000000,false,,2022-12-31
NL,2022,2,114276.00,313.08,187.57,339.34,151.77,365.000000,1.000000,45.848,1787.00,0.015635,91400.00,0.250280,365,8760.00,1.000000,false,,2022-12-31
NL,2022,4,196895.00,539.44,165.80,327.09,161.29,364.900000,1.000000,70.584,2591.00,0.013157,163603.00,0.203492,365,8760.00,1.000000,false,,2022-12-31
NL,2023,1,33585.00,92.01,104.45,151.09,46.64,365.000000,1.000000,64.762,2770.00,0.082474,26700.00,0.257881,365,8760.00,1.000000,false,,2023-12-31
NL,2023,2,62405.00,170.97,97.82,146.91,49.09,365.000000,1.000000,124.336,4780.00,0.076602,50263.00,0.241577,365,8760.00,1.000000,false,,2023-12-31
NL,2023,4,106512.00,291.81,85.23,139.61,54.38,364.800000,0.999000,212.392,7305.00,0.068582,89220.00,0.193808,365,8760.00,1.000000,false,,2023-12-31
NL,2024,1,36475.00,99.66,110.33,140.35,30.02,366.000000,1.000000,100.610,2542.00,0.069699,30844.00,0.182580,366,8784.00,1.000000,false,,2024-12-31
NL,2024,2,67940.00,185.63,103.25,134.85,31.60,366.000000,1.000000,189.505,4717.00,0.069430,57395.00,0.183738,366,8784.00,1.000000,false,,2024-12-31
NL,2024,4,114511.00,312.87,88.38,123.94,35.56,365.300000,0.998000,319.409,7311.00,0.063841,96093.00,0.191670,366,8784.00,1.000000,false,,2024-12-31
NL,2025,1,41029.00,112.41,124.17,156.02,31.85,365.000000,1.000000,121.680,2400.00,0.058503,34661.00,0.183722,365,8760.00,1.000000,false,,2025-12-31
NL,2025,2,76053.00,208.36,115.64,149.26,33.62,365.000000,1.000000,231.527,4343.00,0.057102,63999.00,0.188341,365,8760.00,1.000000,false,,2025-12-31
NL,2025,4,129008.00,353.45,99.44,137.85,38.41,365.000000,1.000000,406.355,6454.00,0.050028,108574.00,0.188211,365,8760.00,1.000000,false,,2025-12-31
NL,2026,1,42227.00,153.55,167.92,198.92,31.01,275.000000,1.000000,85.516,2269.00,0.053727,35732.00,0.181752,275,6599.00,1.000000,true,current_year,2026-10-02
NL,2026,2,78382.00,285.02,156.49,190.02,33.53,275.000000,1.000000,163.491,4157.00,0.053034,67168.00,0.166946,275,6599.00,1.000000,true,current_year,2026-10-02
NL,2026,4,134293.00,488.34,135.59,175.57,39.97,275.000000,1.000000,288.583,6192.00,0.046108,114587.00,0.171975,275,6599.00,1.000000,true,current_year,2026-10-02
PL,2019,1,677.00,16.13,21.83,55.66,33.83,41.900000,0.999000,0.000,0.00,0.000000,564.00,0.200926,42,8760.00,0.115068,true,pln_prices_excluded,2019-12-31
PL,2019,2,1289.00,30.70,21.23,55.36,34.14,41.500000,0.987000,0.000,0.00,0.000000,1112.00,0.159378,42,8760.00,0.115068,true,pln_prices_excluded,2019-12-31
PL,2019,4,2307.00,54.92,19.86,54.83,34.97,40.700000,0.970000,0.000,0.00,0.000000,2088.00,0.104984,42,8760.00,0.115068,true,pln_prices_excluded,2019-12-31
PL,2020,1,5703.00,15.58,21.57,57.87,36.30,365.800000,0.999000,0.000,0.00,0.000000,4775.00,0.194241,366,8784.00,1.000000,false,,2020-12-31
PL,2020,2,10601.00,28.96,20.63,57.23,36.60,361.200000,0.987000,0.000,0.00,0.000000,9033.00,0.173624,366,8784.00,1.000000,false,,2020-12-31
PL,2020,4,18450.00,50.41,19.08,56.30,37.21,351.000000,0.959000,0.000,0.00,0.000000,16113.00,0.145066,366,8784.00,1.000000,false,,2020-12-31
PL,2021,1,13780.00,37.75,49.72,115.89,66.17,360.900000,0.989000,0.000,0.00,0.000000,10175.00,0.354265,365,8760.00,1.000000,false,,2021-12-31
PL,2021,2,25732.00,70.50,47.16,113.87,66.71,360.300000,0.987000,0.000,0.00,0.000000,20331.00,0.265633,365,8760.00,1.000000,false,,2021-12-31
PL,2021,4,44533.00,122.01,43.14,110.92,67.78,350.100000,0.959000,0.000,0.00,0.000000,37156.00,0.198548,365,8760.00,1.000000,false,,2021-12-31
PL,2022,1,42590.00,116.68,140.08,255.17,115.09,365.000000,1.000000,0.000,0.00,0.000000,36467.00,0.167899,365,8760.00,1.000000,false,,2022-12-31
PL,2022,2,79785.00,218.59,132.47,249.38,116.91,364.900000,1.000000,0.000,0.00,0.000000,69394.00,0.149741,365,8760.00,1.000000,false,,2022-12-31
PL,2022,4,137634.00,377.08,117.10,237.31,120.21,364.200000,0.998000,0.000,0.00,0.000000,121772.00,0.130264,365,8760.00,1.000000,false,,2022-12-31
PL,2023,1,19380.00,53.10,68.00,149.32,81.32,363.000000,0.995000,5.330,42.00,0.002180,16061.00,0.206662,365,8760.00,1.000000,false,,2023-12-31
PL,2023,2,36674.00,100.48,65.30,147.51,82.21,361.400000,0.990000,10.528,79.00,0.002165,31409.00,0.167644,365,8760.00,1.000000,false,,2023-12-31
PL,2023,4,64811.00,177.57,59.85,143.72,83.87,356.800000,0.977000,19.056,138.00,0.002131,56981.00,0.137427,365,8760.00,1.000000,false,,2023-12-31
PL,2024,1,38128.00,104.17,118.24,170.95,52.71,366.000000,1.000000,51.904,742.00,0.019457,33044.00,0.153854,366,8784.00,1.000000,false,,2024-12-31
PL,2024,2,70486.00,192.58,110.18,164.21,54.03,365.400000,0.998000,96.229,1292.00,0.018330,61307.00,0.149707,366,8784.00,1.000000,false,,2024-12-31
PL,2024,4,118565.00,323.95,94.97,151.92,56.95,362.300000,0.990000,151.880,1864.00,0.015725,104479.00,0.134821,366,8784.00,1.000000,false,,2024-12-31
PL,2025,1,47846.00,131.09,146.28,194.27,47.99,365.000000,1.000000,74.908,1762.00,0.036829,40817.00,0.172215,365,8760.00,1.000000,false,,2025-12-31
PL,2025,2,85640.00,234.63,131.90,182.10,50.20,365.000000,1.000000,140.614,3065.00,0.035786,73368.00,0.167264,365,8760.00,1.000000,false,,2025-12-31
PL,2025,4,140336.00,384.48,110.27,165.20,54.93,363.900000,0.997000,239.519,4477.00,0.031902,122872.00,0.142127,365,8760.00,1.000000,false,,2025-12-31
PL,2026,1,47729.00,173.56,189.89,225.60,35.72,275.000000,1.000000,79.356,2824.00,0.059173,41358.00,0.154048,275,6599.00,1.000000,true,current_year,2026-10-02
PL,2026,2,87529.00,318.29,175.02,214.42,39.40,275.000000,1.000000,145.524,4816.00,0.055027,76680.00,0.141489,275,6599.00,1.000000,true,current_year,2026-10-02
PL,2026,4,146937.00,534.32,148.77,195.52,46.75,275.000000,1.000000,238.420,6994.00,0.047597,128287.00,0.145378,275,6599.00,1.000000,true,current_year,2026-10-02
PT,2019,1,3669.00,10.05,17.02,55.34,38.32,331.600000,0.909000,0.000,0.00,0.000000,3131.00,0.172077,365,8760.00,1.000000,false,,2019-12-31
PT,2019,2,6879.00,18.85,16.54,54.90,38.36,324.200000,0.888000,0.000,0.00,0.000000,6034.00,0.140056,365,8760.00,1.000000,false,,2019-12-31
PT,2019,4,11732.00,32.14,15.48,54.09,38.61,306.000000,0.838000,0.000,0.00,0.000000,10613.00,0.105429,365,8760.00,1.000000,false,,2019-12-31
PT,2020,1,4288.00,11.72,16.20,42.13,25.93,361.000000,0.986000,0.000,0.00,0.000000,3627.00,0.182360,366,8784.00,1.000000,false,,2020-12-31
PT,2020,2,8040.00,21.97,15.52,41.71,26.19,358.800000,0.980000,0.000,0.00,0.000000,7000.00,0.148544,366,8784.00,1.000000,false,,2020-12-31
PT,2020,4,13768.00,37.62,14.20,40.96,26.76,347.900000,0.950000,0.000,0.00,0.000000,12216.00,0.127067,366,8784.00,1.000000,false,,2020-12-31
PT,2021,1,12459.00,34.13,49.74,137.00,87.25,350.900000,0.961000,0.000,0.00,0.000000,10137.00,0.229102,365,8760.00,1.000000,false,,2021-12-31
PT,2021,2,23387.00,64.07,47.84,135.87,88.03,347.800000,0.953000,0.000,0.00,0.000000,19881.00,0.176331,365,8760.00,1.000000,false,,2021-12-31
PT,2021,4,39364.00,107.85,43.83,132.93,89.10,331.200000,0.907000,0.000,0.00,0.000000,34466.00,0.142107,365,8760.00,1.000000,false,,2021-12-31
PT,2022,1,25352.00,69.46,92.03,219.19,127.16,361.800000,0.991000,0.000,0.00,0.000000,21237.00,0.193761,365,8760.00,1.000000,false,,2022-12-31
PT,2022,2,47111.00,129.07,87.20,215.72,128.52,360.400000,0.987000,0.000,0.00,0.000000,39504.00,0.192562,365,8760.00,1.000000,false,,2022-12-31
PT,2022,4,79636.00,218.18,77.33,209.41,132.08,357.800000,0.980000,0.000,0.00,0.000000,67570.00,0.178570,365,8760.00,1.000000,false,,2022-12-31
PT,2023,1,20926.00,57.33,68.97,126.60,57.62,365.000000,1.000000,0.000,0.00,0.000000,17283.00,0.210739,365,8760.00,1.000000,false,,2023-12-31
PT,2023,2,39241.00,107.51,65.31,124.03,58.72,365.000000,1.000000,0.000,0.00,0.000000,32771.00,0.197440,365,8760.00,1.000000,false,,2023-12-31
PT,2023,4,68050.00,186.44,58.10,118.95,60.85,364.100000,0.998000,0.000,0.00,0.000000,57593.00,0.181565,365,8760.00,1.000000,false,,2023-12-31
PT,2024,1,21834.00,59.65,68.25,102.36,34.12,366.000000,1.000000,39.178,15.00,0.000693,17807.00,0.226149,366,8784.00,1.000000,false,,2024-12-31
PT,2024,2,41009.00,112.05,64.48,99.41,34.92,366.000000,1.000000,72.569,26.00,0.000643,33731.00,0.215754,366,8784.00,1.000000,false,,2024-12-31
PT,2024,4,71305.00,194.82,57.03,93.60,36.57,365.100000,0.998000,118.443,40.00,0.000562,59002.00,0.208507,366,8784.00,1.000000,false,,2024-12-31
PT,2025,1,31258.00,85.64,94.83,120.78,25.95,365.000000,1.000000,42.244,50.00,0.001600,26708.00,0.170343,365,8760.00,1.000000,false,,2025-12-31
PT,2025,2,58915.00,161.41,89.68,116.46,26.77,365.000000,1.000000,77.460,91.00,0.001541,50636.00,0.163502,365,8760.00,1.000000,false,,2025-12-31
PT,2025,4,103689.00,284.08,79.65,108.47,28.82,364.900000,1.000000,134.590,149.00,0.001440,87604.00,0.183608,365,8760.00,1.000000,false,,2025-12-31
PT,2026,1,31280.00,113.74,123.50,140.01,16.51,275.000000,1.000000,103.624,122.00,0.003913,27042.00,0.156702,275,6599.00,1.000000,true,current_year,2026-10-02
PT,2026,2,59843.00,217.61,118.34,135.62,17.28,275.000000,1.000000,194.429,230.00,0.003838,51695.00,0.157620,275,6599.00,1.000000,true,current_year,2026-10-02
PT,2026,4,109263.00,397.32,108.50,127.66,19.16,275.000000,1.000000,345.084,401.00,0.003668,90902.00,0.201993,275,6599.00,1.000000,true,current_year,2026-10-02
