zone,year,seasonal,within_month,r_month_price_vs_solar
BE,2019,0.927659,0.992655,-0.667419
BE,2020,0.860566,0.89701,-0.713515
BE,2021,0.805024,0.915971,-0.564364
BE,2022,1.075976,0.855235,0.390615
BE,2023,0.961327,0.814985,-0.336441
BE,2024,0.893003,0.622763,-0.693953
BE,2025,0.923657,0.556727,-0.637593
DE_LU,2019,0.973778,0.951642,-0.367585
DE_LU,2020,0.913059,0.881014,-0.517602
DE_LU,2021,0.847389,0.919439,-0.466905
DE_LU,2022,1.094091,0.86285,0.427439
DE_LU,2023,0.97838,0.77517,-0.243155
DE_LU,2024,0.935348,0.629499,-0.519042
DE_LU,2025,0.916223,0.56135,-0.78151
ES,2019,1.002641,1.016183,0.040046
ES,2020,0.971662,0.996985,-0.293612
ES,2021,0.957465,0.955433,-0.163388
ES,2022,0.994792,0.905415,-0.052527
ES,2023,1.014038,0.8241,0.136699
ES,2024,0.96703,0.695622,-0.167006
ES,2025,0.967706,0.570518,-0.271579
FR,2019,0.945874,1.011891,-0.652547
FR,2020,0.927247,0.999979,-0.50591
FR,2021,0.874839,0.987245,-0.477179
FR,2022,1.08404,0.974701,0.556295
FR,2023,0.971548,0.888387,-0.347116
FR,2024,0.887129,0.762556,-0.72312
FR,2025,0.89258,0.659312,-0.618094
IT_NORD,2019,0.988406,0.997678,-0.22457
IT_NORD,2020,0.910554,0.969257,-0.764937
IT_NORD,2021,0.84968,0.99818,-0.532138
IT_NORD,2022,1.071601,0.957474,0.466577
IT_NORD,2023,0.957171,0.892831,-0.590906
IT_NORD,2024,0.994889,0.899299,-0.054621
IT_NORD,2025,0.957606,0.854612,-0.708782
NL,2019,0.952227,0.988828,-0.612827
NL,2020,0.875125,0.900633,-0.733367
NL,2021,0.829685,0.92467,-0.466793
NL,2022,1.088893,0.850398,0.470934
NL,2023,0.955263,0.774812,-0.385592
NL,2024,0.917447,0.656775,-0.613885
NL,2025,0.92631,0.662737,-0.662724
PL,2021,0.930675,1.01252,-0.284859
PL,2022,1.067634,0.848019,0.490982
PL,2023,1.006519,0.897374,0.057007
PL,2024,0.994746,0.752169,-0.054363
PL,2025,0.941068,0.684303,-0.819331
PT,2019,1.001705,1.016894,0.026716
PT,2020,0.979371,0.998417,-0.317552
PT,2021,1.004849,0.954943,0.051427
PT,2022,1.000684,0.898543,-0.00052
PT,2023,1.014858,0.815071,0.179922
PT,2024,0.995835,0.675816,-0.011592
PT,2025,0.962461,0.554819,-0.31491
