zone,local_year,local_month,baseload_price,solar_mwh,solar_capture_price,solar_capture_rate,solar_coverage
BE,2019,2019-01-01,60.49,60378.368,64.32,1.063288,1.000000
BE,2019,2019-02-01,47.58,190573.223,45.81,0.962608,1.000000
BE,2019,2019-03-01,37.63,243985.705,36.72,0.975877,1.000000
BE,2019,2019-04-01,37.91,414213.025,34.77,0.917205,1.000000
BE,2019,2019-05-01,38.01,450647.465,36.81,0.968382,1.000000
BE,2019,2019-06-01,27.50,503736.845,28.57,1.038967,1.000000
BE,2019,2019-07-01,37.73,476766.778,37.80,1.001729,1.000000
BE,2019,2019-08-01,33.72,444198.373,33.35,0.988767,1.000000
BE,2019,2019-09-01,33.57,359476.980,33.07,0.984834,1.000000
BE,2019,2019-10-01,37.60,196410.073,38.48,1.023404,1.000000
BE,2019,2019-11-01,44.40,117560.463,47.85,1.077572,1.000000
BE,2019,2019-12-01,36.36,71218.028,42.23,1.161568,1.000000
BE,2020,2020-01-01,37.88,81233.775,40.50,1.068978,1.000000
BE,2020,2020-02-01,28.35,137920.988,30.42,1.072995,1.000000
BE,2020,2020-03-01,24.02,385789.048,18.01,0.750055,1.000000
BE,2020,2020-04-01,14.72,580997.685,7.14,0.484896,1.000000
BE,2020,2020-05-01,15.39,683332.368,13.17,0.855693,1.000000
BE,2020,2020-06-01,25.56,577626.620,24.57,0.961178,1.000000
BE,2020,2020-07-01,29.84,547616.715,25.90,0.867832,1.000000
BE,2020,2020-08-01,35.54,497074.650,34.06,0.958273,1.000000
BE,2020,2020-09-01,44.23,396620.195,40.04,0.905332,1.000000
BE,2020,2020-10-01,39.39,180043.708,40.43,1.026315,1.000000
BE,2020,2020-11-01,39.92,125550.703,42.03,1.052833,1.000000
BE,2020,2020-12-01,47.38,65799.050,53.32,1.125420,1.000000
BE,2021,2021-01-01,57.46,86335.143,60.70,1.056524,1.000000
BE,2021,2021-02-01,48.57,213960.167,45.06,0.927856,1.000000
BE,2021,2021-03-01,46.61,444928.377,36.65,0.786326,1.000000
BE,2021,2021-04-01,56.99,596470.991,48.65,0.853698,1.000000
BE,2021,2021-05-01,55.63,629832.528,46.72,0.839760,1.000000
BE,2021,2021-06-01,74.44,654658.448,68.09,0.914626,1.000000
BE,2021,2021-07-01,77.42,596587.377,69.88,0.902678,1.000000
BE,2021,2021-08-01,79.47,517217.625,73.18,0.920847,1.000000
BE,2021,2021-09-01,136.21,475353.801,126.19,0.926447,1.000000
BE,2021,2021-10-01,165.24,273906.633,157.53,0.953336,1.000000
BE,2021,2021-11-01,202.15,125145.622,193.26,0.955994,1.000000
BE,2021,2021-12-01,245.44,63565.169,284.57,1.159431,1.000000
BE,2022,2022-01-01,191.40,99230.023,203.03,1.060757,1.000000
BE,2022,2022-02-01,162.64,221629.894,147.19,0.905029,1.000000
BE,2022,2022-03-01,265.71,559463.594,208.39,0.784260,1.000000
BE,2022,2022-04-01,186.59,714004.106,147.03,0.787949,1.000000
BE,2022,2022-05-01,176.64,887548.877,142.01,0.803978,1.000000
BE,2022,2022-06-01,219.10,874732.220,192.69,0.879455,1.000000
BE,2022,2022-07-01,321.33,935738.809,277.15,0.862517,1.000000
BE,2022,2022-08-01,448.13,859264.380,373.27,0.832952,1.000000
BE,2022,2022-09-01,346.51,544573.412,312.94,0.903129,1.000000
BE,2022,2022-10-01,157.39,427432.459,133.63,0.848996,1.000000
BE,2022,2022-11-01,180.41,198316.885,164.89,0.913952,1.000000
BE,2022,2022-12-01,269.28,97865.269,361.19,1.341322,1.000000
BE,2023,2023-01-01,130.70,125118.797,143.39,1.097108,1.000000
BE,2023,2023-02-01,143.51,320374.089,133.51,0.930326,1.000000
BE,2023,2023-03-01,109.59,470625.047,93.99,0.857661,1.000000
BE,2023,2023-04-01,105.53,773912.415,92.12,0.872895,1.000000
BE,2023,2023-05-01,80.18,1036180.130,54.31,0.677332,1.000000
BE,2023,2023-06-01,93.14,1170438.663,72.90,0.782653,1.000000
BE,2023,2023-07-01,75.35,905378.921,57.91,0.768499,1.000000
BE,2023,2023-08-01,91.96,848437.094,75.44,0.820306,1.000000
BE,2023,2023-09-01,94.35,793563.143,72.85,0.772159,1.000000
BE,2023,2023-10-01,86.40,443830.854,68.00,0.787126,1.000000
BE,2023,2023-11-01,91.47,196374.139,90.46,0.988905,1.000000
BE,2023,2023-12-01,69.40,110125.246,74.74,1.076898,1.000000
BE,2024,2024-01-01,78.56,233878.401,77.84,0.990798,1.000000
BE,2024,2024-02-01,61.52,243905.737,61.79,1.004493,1.000000
BE,2024,2024-03-01,61.17,601004.218,48.29,0.789435,1.000000
BE,2024,2024-04-01,48.01,841501.835,30.68,0.639094,1.000000
BE,2024,2024-05-01,54.45,988511.028,22.44,0.412104,1.000000
BE,2024,2024-06-01,60.85,1201713.709,33.52,0.550880,1.000000
BE,2024,2024-07-01,54.56,1217969.663,27.22,0.498848,1.000000
BE,2024,2024-08-01,65.53,1254467.677,31.80,0.485267,1.000000
BE,2024,2024-09-01,66.65,819903.693,36.71,0.550740,1.000000
BE,2024,2024-10-01,77.90,581456.736,62.19,0.798338,1.000000
BE,2024,2024-11-01,108.94,212901.939,103.42,0.949344,1.000000
BE,2024,2024-12-01,105.22,128664.917,106.50,1.012119,1.000000
BE,2025,2025-01-01,112.00,206407.657,108.54,0.969125,1.000000
BE,2025,2025-02-01,128.75,468213.693,115.06,0.893648,1.000000
BE,2025,2025-03-01,91.21,997726.491,49.41,0.541751,1.000000
BE,2025,2025-04-01,73.39,1260156.355,23.90,0.325645,1.000000
BE,2025,2025-05-01,61.07,1318637.683,12.96,0.212151,1.000000
BE,2025,2025-06-01,65.33,1370475.272,23.35,0.357382,1.000000
BE,2025,2025-07-01,83.07,1288815.998,57.46,0.691727,1.000000
BE,2025,2025-08-01,68.98,1277239.589,34.05,0.493604,1.000000
BE,2025,2025-09-01,63.60,984079.501,37.45,0.588755,1.000000
BE,2025,2025-10-01,75.07,464271.165,58.94,0.785160,1.000000
BE,2025,2025-11-01,86.19,315601.268,81.56,0.946237,1.000000
BE,2025,2025-12-01,85.35,248432.004,83.83,0.982241,1.000000
BE,2026,2026-01-01,108.52,251823.129,111.00,1.022882,1.000000
BE,2026,2026-02-01,85.13,397743.381,73.57,0.864147,1.000000
BE,2026,2026-03-01,92.61,1088054.111,51.76,0.558899,1.000000
BE,2026,2026-04-01,78.93,1441572.482,20.96,0.265545,1.000000
BE,2026,2026-05-01,91.77,1445280.163,31.23,0.340328,1.000000
BE,2026,2026-06-01,112.13,1495924.983,71.43,0.636993,1.000000
BE,2026,2026-07-01,109.25,1659660.458,65.09,0.595755,1.000000
BE,2026,2026-08-01,129.32,1359186.134,75.65,0.584965,1.000000
BE,2026,2026-09-01,156.41,1036860.804,94.66,0.605242,1.000000
BE,2026,2026-10-01,199.89,66770.765,171.81,0.859510,1.000000
DE_LU,2019,2019-01-01,49.42,730233.548,59.14,1.196726,1.000000
DE_LU,2019,2019-02-01,42.82,2191200.590,42.12,0.983647,1.000000
DE_LU,2019,2019-03-01,30.63,3030561.805,30.80,1.005725,1.000000
DE_LU,2019,2019-04-01,36.96,5029316.278,31.73,0.858473,1.000000
DE_LU,2019,2019-05-01,37.84,5035993.898,35.27,0.932095,1.000000
DE_LU,2019,2019-06-01,32.52,6481373.478,29.08,0.894159,1.000000
DE_LU,2019,2019-07-01,39.69,5761666.553,39.15,0.986614,1.000000
DE_LU,2019,2019-08-01,36.85,5291591.668,33.76,0.916077,1.000000
DE_LU,2019,2019-09-01,35.75,3916531.883,33.44,0.935467,1.000000
DE_LU,2019,2019-10-01,36.94,2418897.448,37.86,1.024956,1.000000
DE_LU,2019,2019-11-01,41.00,1030060.933,43.82,1.068860,1.000000
DE_LU,2019,2019-12-01,31.97,915658.093,36.96,1.156068,1.000000
DE_LU,2020,2020-01-01,35.03,1085954.315,38.32,1.093647,1.000000
DE_LU,2020,2020-02-01,21.92,1684357.060,23.20,1.058222,1.000000
DE_LU,2020,2020-03-01,22.49,4132245.128,16.21,0.720894,1.000000
DE_LU,2020,2020-04-01,17.09,6404540.580,8.95,0.523789,1.000000
DE_LU,2020,2020-05-01,17.60,6251141.878,14.11,0.802017,1.000000
DE_LU,2020,2020-06-01,26.18,5718629.100,24.70,0.943457,1.000000
DE_LU,2020,2020-07-01,30.06,6268858.135,26.22,0.872169,1.000000
DE_LU,2020,2020-08-01,34.86,5431440.265,33.18,0.951839,1.000000
DE_LU,2020,2020-09-01,43.69,4636127.148,39.76,0.909967,1.000000
DE_LU,2020,2020-10-01,33.97,2149516.280,32.65,0.961264,1.000000
DE_LU,2020,2020-11-01,38.79,1501463.510,39.96,1.030351,1.000000
DE_LU,2020,2020-12-01,43.52,673164.075,48.08,1.104737,1.000000
DE_LU,2021,2021-01-01,52.81,602554.563,55.42,1.049475,1.000000
DE_LU,2021,2021-02-01,48.70,1973938.305,44.88,0.921540,1.000000
DE_LU,2021,2021-03-01,47.16,4101078.963,41.02,0.869623,1.000000
DE_LU,2021,2021-04-01,53.61,5435882.078,45.47,0.848042,1.000000
DE_LU,2021,2021-05-01,53.35,5886356.238,41.90,0.785459,1.000000
DE_LU,2021,2021-06-01,74.08,7118081.130,68.58,0.925727,1.000000
DE_LU,2021,2021-07-01,81.37,6232803.810,74.08,0.910426,1.000000
DE_LU,2021,2021-08-01,82.70,5269455.230,76.80,0.928712,1.000000
DE_LU,2021,2021-09-01,128.37,4786843.753,117.04,0.911707,1.000000
DE_LU,2021,2021-10-01,139.49,3201572.903,128.05,0.917943,1.000000
DE_LU,2021,2021-11-01,176.15,1105541.150,182.82,1.037839,1.000000
DE_LU,2021,2021-12-01,221.06,707970.908,271.24,1.226978,1.000000
DE_LU,2022,2022-01-01,167.73,937689.438,178.32,1.063140,1.000000
DE_LU,2022,2022-02-01,128.80,2228509.075,118.74,0.921882,1.000000
DE_LU,2022,2022-03-01,252.01,5613001.535,207.12,0.821891,1.000000
DE_LU,2022,2022-04-01,165.73,5796751.135,145.63,0.878688,1.000000
DE_LU,2022,2022-05-01,177.48,7639313.590,151.35,0.852809,1.000000
DE_LU,2022,2022-06-01,218.03,8024573.055,189.53,0.869263,1.000000
DE_LU,2022,2022-07-01,315.00,7886733.393,260.65,0.827442,1.000000
DE_LU,2022,2022-08-01,465.18,7262555.233,399.02,0.857760,1.000000
DE_LU,2022,2022-09-01,346.12,4748373.468,316.55,0.914577,1.000000
DE_LU,2022,2022-10-01,152.60,3526780.975,128.78,0.843910,1.000000
DE_LU,2022,2022-11-01,173.63,1678436.495,153.24,0.882542,1.000000
DE_LU,2022,2022-12-01,251.62,644788.043,249.15,0.990180,1.000000
DE_LU,2023,2023-01-01,117.83,827770.773,123.06,1.044411,1.000000
DE_LU,2023,2023-02-01,128.31,2322192.763,123.37,0.961488,1.000000
DE_LU,2023,2023-03-01,102.52,3751428.105,88.87,0.866841,1.000000
DE_LU,2023,2023-04-01,100.74,5548325.785,80.30,0.797091,1.000000
DE_LU,2023,2023-05-01,81.72,8057844.125,54.03,0.661231,1.000000
DE_LU,2023,2023-06-01,94.76,8947627.803,71.39,0.753386,1.000000
DE_LU,2023,2023-07-01,77.61,7727320.815,52.47,0.676073,1.000000
DE_LU,2023,2023-08-01,94.32,6567090.208,75.65,0.802032,1.000000
DE_LU,2023,2023-09-01,100.72,6587197.620,74.65,0.741161,1.000000
DE_LU,2023,2023-10-01,87.38,3324360.530,67.68,0.774543,1.000000
DE_LU,2023,2023-11-01,91.12,1372955.893,85.19,0.934925,1.000000
DE_LU,2023,2023-12-01,68.52,764617.830,65.81,0.960451,1.000000
DE_LU,2024,2024-01-01,76.57,1440306.668,75.24,0.982576,1.000000
DE_LU,2024,2024-02-01,61.34,2245713.995,58.78,0.958278,1.000000
DE_LU,2024,2024-03-01,64.70,4898244.480,49.49,0.764959,1.000000
DE_LU,2024,2024-04-01,62.36,6654592.555,38.75,0.621389,1.000000
DE_LU,2024,2024-05-01,67.21,8640227.040,32.78,0.487700,1.000000
DE_LU,2024,2024-06-01,72.89,8878186.778,44.48,0.610261,1.000000
DE_LU,2024,2024-07-01,67.70,9352242.443,35.82,0.529113,1.000000
DE_LU,2024,2024-08-01,82.05,8986991.963,43.13,0.525682,1.000000
DE_LU,2024,2024-09-01,78.31,6191015.945,45.17,0.576860,1.000000
DE_LU,2024,2024-10-01,86.10,3579981.090,67.37,0.782536,1.000000
DE_LU,2024,2024-11-01,113.91,1535910.150,100.63,0.883430,1.000000
DE_LU,2024,2024-12-01,108.32,1040635.248,111.54,1.029797,1.000000
DE_LU,2025,2025-01-01,114.14,1633384.898,115.57,1.012488,1.000000
DE_LU,2025,2025-02-01,128.52,3032999.383,110.90,0.862856,1.000000
DE_LU,2025,2025-03-01,94.73,6946492.625,50.80,0.536224,1.000000
DE_LU,2025,2025-04-01,77.94,9001147.675,31.34,0.402160,1.000000
DE_LU,2025,2025-05-01,67.34,10276055.155,21.66,0.321717,1.000000
DE_LU,2025,2025-06-01,63.99,10600726.548,20.06,0.313496,1.000000
DE_LU,2025,2025-07-01,87.80,9117700.706,59.82,0.681390,0.999664
DE_LU,2025,2025-08-01,76.99,9732906.859,39.06,0.507319,1.000000
DE_LU,2025,2025-09-01,83.51,6470649.873,44.28,0.530267,1.000000
DE_LU,2025,2025-10-01,84.40,3661215.458,70.32,0.833148,1.000000
DE_LU,2025,2025-11-01,101.88,2221842.808,90.96,0.892782,1.000000
DE_LU,2025,2025-12-01,93.47,1516500.909,93.81,1.003594,1.000000
DE_LU,2026,2026-01-01,110.09,1641649.522,110.34,1.002276,1.000000
DE_LU,2026,2026-02-01,96.58,2547263.583,77.97,0.807299,1.000000
DE_LU,2026,2026-03-01,99.29,7342118.905,55.91,0.563127,1.000000
DE_LU,2026,2026-04-01,78.52,10109395.759,19.09,0.243130,1.000000
DE_LU,2026,2026-05-01,97.54,11614365.459,37.89,0.388438,1.000000
DE_LU,2026,2026-06-01,109.52,11708758.214,63.94,0.583831,1.000000
DE_LU,2026,2026-07-01,105.45,12118826.273,54.12,0.513224,1.000000
DE_LU,2026,2026-08-01,126.89,10993102.075,65.54,0.516464,1.000000
DE_LU,2026,2026-09-01,144.82,8617626.254,83.71,0.578016,1.000000
DE_LU,2026,2026-10-01,197.84,355064.087,167.60,0.847122,1.000000
ES,2019,2019-01-01,61.98,660010.000,64.36,1.038336,1.000000
ES,2019,2019-02-01,54.01,888211.000,54.63,1.011454,1.000000
ES,2019,2019-03-01,48.82,1265074.000,49.22,1.008197,1.000000
ES,2019,2019-04-01,50.41,1020669.000,52.44,1.040288,1.000000
ES,2019,2019-05-01,48.39,1643111.000,48.68,1.006053,1.000000
ES,2019,2019-06-01,47.19,1703829.000,47.01,0.996151,1.000000
ES,2019,2019-07-01,51.46,1761518.000,52.88,1.027590,1.000000
ES,2019,2019-08-01,44.96,1850983.000,45.71,1.016654,1.000000
ES,2019,2019-09-01,42.11,1331642.000,43.00,1.021103,1.000000
ES,2019,2019-10-01,47.17,1111614.000,46.86,0.993534,1.000000
ES,2019,2019-11-01,42.19,596036.000,42.58,1.009115,1.000000
ES,2019,2019-12-01,33.80,588637.000,36.01,1.065313,1.000000
ES,2020,2020-01-01,41.10,725614.000,41.66,1.013553,1.000000
ES,2020,2020-02-01,35.87,1202708.000,35.15,0.979996,1.000000
ES,2020,2020-03-01,27.74,1295819.000,27.91,1.006170,1.000000
ES,2020,2020-04-01,17.65,1387533.000,16.86,0.954905,1.000000
ES,2020,2020-05-01,21.25,2254237.000,20.88,0.982524,1.000000
ES,2020,2020-06-01,30.62,2539437.000,30.20,0.986351,1.000000
ES,2020,2020-07-01,34.64,2742937.000,35.25,1.017606,1.000000
ES,2020,2020-08-01,36.20,2601505.000,36.21,1.000350,1.000000
ES,2020,2020-09-01,41.96,1929653.000,41.74,0.994911,1.000000
ES,2020,2020-10-01,36.56,1648826.000,35.82,0.979759,1.000000
ES,2020,2020-11-01,41.94,904946.000,42.12,1.004289,1.000000
ES,2020,2020-12-01,41.97,797733.000,43.26,1.030819,1.000000
ES,2021,2021-01-01,60.17,921655.000,63.95,1.062908,1.000000
ES,2021,2021-02-01,28.49,1074850.000,27.16,0.953286,1.000000
ES,2021,2021-03-01,45.45,2017857.000,41.14,0.905161,1.000000
ES,2021,2021-04-01,65.02,1892080.000,59.61,0.916906,1.000000
ES,2021,2021-05-01,67.12,2993043.000,62.76,0.934962,1.000000
ES,2021,2021-06-01,83.30,2974418.000,81.19,0.974715,1.000000
ES,2021,2021-07-01,92.42,3438066.000,90.30,0.977127,1.000000
ES,2021,2021-08-01,105.94,3070913.000,101.10,0.954299,1.000000
ES,2021,2021-09-01,156.14,2332765.000,148.90,0.953598,1.000000
ES,2021,2021-10-01,199.90,2071186.000,192.81,0.964546,1.000000
ES,2021,2021-11-01,193.43,1487264.000,181.58,0.938753,1.000000
ES,2021,2021-12-01,239.16,1080319.000,227.00,0.949133,1.000000
ES,2022,2022-01-01,201.72,1664721.000,196.90,0.976092,1.000000
ES,2022,2022-02-01,200.22,1832841.000,184.88,0.923377,1.000000
ES,2022,2022-03-01,283.39,1512023.000,278.74,0.983600,1.000000
ES,2022,2022-04-01,191.52,2888156.000,160.27,0.836832,1.000000
ES,2022,2022-05-01,187.13,3906554.600,171.29,0.915389,1.000000
ES,2022,2022-06-01,169.63,3695070.000,154.37,0.910086,1.000000
ES,2022,2022-07-01,142.66,4003299.000,136.43,0.956329,1.000000
ES,2022,2022-08-01,154.89,3770336.000,135.68,0.875928,1.000000
ES,2022,2022-09-01,141.07,3020602.000,116.07,0.822765,1.000000
ES,2022,2022-10-01,127.22,2109916.000,109.90,0.863809,1.000000
ES,2022,2022-11-01,115.56,1577448.000,105.46,0.912662,1.000000
ES,2022,2022-12-01,96.95,1108729.000,84.72,0.873825,1.000000
ES,2023,2023-01-01,69.55,1714875.000,64.73,0.930701,1.000000
ES,2023,2023-02-01,133.47,2187969.000,120.41,0.902118,1.000000
ES,2023,2023-03-01,89.70,3355284.000,70.05,0.780982,1.000000
ES,2023,2023-04-01,73.73,4203975.000,47.83,0.648669,1.000000
ES,2023,2023-05-01,74.21,4232697.000,54.94,0.740335,1.000000
ES,2023,2023-06-01,93.02,4318331.000,80.94,0.870071,1.000000
ES,2023,2023-07-01,90.47,5202761.000,75.24,0.831666,1.000000
ES,2023,2023-08-01,96.05,5038332.000,80.52,0.838390,1.000000
ES,2023,2023-09-01,103.34,3631329.000,87.36,0.845386,1.000000
ES,2023,2023-10-01,90.03,2691150.000,78.88,0.876146,1.000000
ES,2023,2023-11-01,63.45,1998350.000,54.57,0.860029,1.000000
ES,2023,2023-12-01,72.17,1857372.000,61.68,0.854571,1.000000
ES,2024,2024-01-01,74.10,1929779.000,64.11,0.865138,1.000000
ES,2024,2024-02-01,40.00,2622393.000,31.60,0.790080,1.000000
ES,2024,2024-03-01,20.31,3083260.000,10.11,0.498040,1.000000
ES,2024,2024-04-01,13.67,4285068.000,5.56,0.406381,1.000000
ES,2024,2024-05-01,30.40,5624510.000,13.90,0.457098,1.000000
ES,2024,2024-06-01,56.08,5147896.000,34.95,0.623140,1.000000
ES,2024,2024-07-01,72.31,6421932.000,49.77,0.688275,1.000000
ES,2024,2024-08-01,91.05,5946818.000,67.10,0.736929,1.000000
ES,2024,2024-09-01,72.62,4568132.000,43.08,0.593192,1.000000
ES,2024,2024-10-01,68.55,2840215.000,48.26,0.703975,1.000000
ES,2024,2024-11-01,104.43,2352813.000,87.21,0.835116,1.000000
ES,2024,2024-12-01,111.24,2496085.000,91.87,0.825857,1.000000
ES,2025,2025-01-01,96.69,2287808.000,86.73,0.896992,1.000000
ES,2025,2025-02-01,108.31,3239606.000,76.88,0.709848,1.000000
ES,2025,2025-03-01,53.09,3123455.000,26.20,0.493427,1.000000
ES,2025,2025-04-01,26.81,4105990.000,8.07,0.301099,1.000000
ES,2025,2025-05-01,16.93,5224493.000,2.99,0.176753,1.000000
ES,2025,2025-06-01,72.60,6351820.000,37.75,0.520027,1.000000
ES,2025,2025-07-01,70.01,6816101.000,43.86,0.626491,1.000000
ES,2025,2025-08-01,68.44,6227522.000,34.10,0.498184,1.000000
ES,2025,2025-09-01,61.04,5348743.000,25.40,0.416085,1.000000
ES,2025,2025-10-01,75.75,4231778.000,42.98,0.567444,1.000000
ES,2025,2025-11-01,58.65,3182860.000,30.88,0.526463,1.000000
ES,2025,2025-12-01,77.90,2237458.000,63.78,0.818748,1.000000
ES,2026,2026-01-01,71.67,2223308.000,63.62,0.887590,1.000000
ES,2026,2026-02-01,16.41,2561929.000,2.51,0.152922,1.000000
ES,2026,2026-03-01,41.77,4645437.000,14.99,0.358895,1.000000
ES,2026,2026-04-01,42.44,5417626.000,11.05,0.260270,1.000000
ES,2026,2026-05-01,54.23,6623231.000,16.08,0.296520,1.000000
ES,2026,2026-06-01,69.59,7623581.000,31.39,0.451103,1.000000
ES,2026,2026-07-01,104.75,8262063.000,58.06,0.554256,1.000000
ES,2026,2026-08-01,118.24,7958895.000,50.62,0.428082,1.000000
ES,2026,2026-09-01,143.25,6837159.000,65.73,0.458857,1.000000
ES,2026,2026-10-01,164.86,316312.000,102.30,0.620518,1.000000
FR,2019,2019-01-01,61.17,411067.000,67.01,1.095500,1.000000
FR,2019,2019-02-01,46.62,731057.000,46.59,0.999344,1.000000
FR,2019,2019-03-01,33.86,1043998.000,33.45,0.987682,1.000000
FR,2019,2019-04-01,38.08,1084884.000,37.10,0.974140,1.000000
FR,2019,2019-05-01,37.21,1275950.000,35.65,0.957897,1.000000
FR,2019,2019-06-01,29.26,1361439.000,29.34,1.002989,1.000000
FR,2019,2019-07-01,37.66,1537479.000,38.43,1.020355,1.000000
FR,2019,2019-08-01,33.39,1374645.000,33.39,1.000017,1.000000
FR,2019,2019-09-01,35.54,1110578.000,36.27,1.020554,1.000000
FR,2019,2019-10-01,38.60,692685.000,40.02,1.036773,1.000000
FR,2019,2019-11-01,45.94,409403.000,50.24,1.093511,1.000000
FR,2019,2019-12-01,36.46,388092.000,39.85,1.092999,1.000000
FR,2020,2020-01-01,38.01,455756.000,40.33,1.061101,1.000000
FR,2020,2020-02-01,26.25,685391.000,27.94,1.064699,1.000000
FR,2020,2020-03-01,23.83,1052372.000,20.11,0.843794,1.000000
FR,2020,2020-04-01,13.45,1294267.000,11.02,0.819697,1.000000
FR,2020,2020-05-01,14.86,1548259.000,12.98,0.873259,1.000000
FR,2020,2020-06-01,25.79,1384686.000,25.92,1.005048,1.000000
FR,2020,2020-07-01,33.41,1666903.000,33.92,1.015107,1.000000
FR,2020,2020-08-01,36.75,1458254.000,36.98,1.006105,1.000000
FR,2020,2020-09-01,47.20,1177037.000,47.97,1.016432,1.000000
FR,2020,2020-10-01,37.89,744080.000,39.32,1.037718,1.000000
FR,2020,2020-11-01,40.11,634724.000,43.00,1.071922,1.000000
FR,2020,2020-12-01,48.42,341665.000,56.02,1.157020,1.000000
FR,2021,2021-01-01,59.48,457033.000,66.19,1.112866,1.000000
FR,2021,2021-02-01,49.01,643735.000,48.66,0.992884,1.000000
FR,2021,2021-03-01,50.22,1226576.000,45.52,0.906408,1.000000
FR,2021,2021-04-01,63.10,1442543.000,56.47,0.894874,1.000000
FR,2021,2021-05-01,55.28,1501973.000,48.85,0.883668,1.000000
FR,2021,2021-06-01,73.51,1560596.000,69.42,0.944418,1.000000
FR,2021,2021-07-01,78.37,1642140.000,76.01,0.969827,1.000000
FR,2021,2021-08-01,77.30,1652143.000,74.53,0.964100,1.000000
FR,2021,2021-09-01,135.31,1314162.000,131.50,0.971834,1.000000
FR,2021,2021-10-01,172.45,1124294.000,178.72,1.036397,1.000000
FR,2021,2021-11-01,217.06,602217.000,217.93,1.003997,1.000000
FR,2021,2021-12-01,274.67,499492.000,310.59,1.130775,1.000000
FR,2022,2022-01-01,211.42,687826.000,225.55,1.066804,1.000000
FR,2022,2022-02-01,185.55,870701.000,184.65,0.995167,1.000000
FR,2022,2022-03-01,295.20,1211709.000,274.74,0.930691,1.000000
FR,2022,2022-04-01,233.10,1552284.000,208.21,0.893225,1.000000
FR,2022,2022-05-01,197.43,2273882.000,183.84,0.931158,1.000000
FR,2022,2022-06-01,248.40,2149374.000,246.66,0.993009,1.000000
FR,2022,2022-07-01,400.87,2560976.000,402.64,1.004423,1.000000
FR,2022,2022-08-01,492.49,2259627.000,468.19,0.950656,1.000000
FR,2022,2022-09-01,394.70,1719874.000,389.22,0.986102,1.000000
FR,2022,2022-10-01,178.88,1256312.000,175.29,0.979922,1.000000
FR,2022,2022-11-01,191.88,820841.000,190.24,0.991458,1.000000
FR,2022,2022-12-01,270.89,598797.000,302.01,1.114904,1.000000
FR,2023,2023-01-01,132.10,719571.000,146.34,1.107845,1.000000
FR,2023,2023-02-01,148.76,1276260.000,140.97,0.947624,1.000000
FR,2023,2023-03-01,111.96,1607752.000,101.47,0.906353,1.000000
FR,2023,2023-04-01,106.36,2091058.000,95.43,0.897209,1.000000
FR,2023,2023-05-01,77.55,2382335.000,61.87,0.797888,1.000000
FR,2023,2023-06-01,91.29,2691617.000,74.68,0.818061,1.000000
FR,2023,2023-07-01,77.65,2703937.000,65.21,0.839845,0.998656
FR,2023,2023-08-01,90.87,2533045.000,78.16,0.860105,1.000000
FR,2023,2023-09-01,88.71,2262623.000,76.44,0.861711,1.000000
FR,2023,2023-10-01,84.26,1583695.000,74.63,0.885713,1.000000
FR,2023,2023-11-01,88.96,932973.000,90.25,1.014583,1.000000
FR,2023,2023-12-01,68.47,747508.000,72.31,1.056007,1.000000
FR,2024,2024-01-01,76.59,909178.000,76.80,1.002732,1.000000
FR,2024,2024-02-01,58.37,1080741.000,55.81,0.956116,1.000000
FR,2024,2024-03-01,53.59,1893526.000,42.51,0.793173,1.000000
FR,2024,2024-04-01,28.23,2283627.000,16.82,0.595704,1.000000
FR,2024,2024-05-01,27.17,2435180.000,14.25,0.524402,1.000000
FR,2024,2024-06-01,37.60,2700024.000,23.65,0.629118,1.000000
FR,2024,2024-07-01,47.03,3063874.000,30.69,0.652587,1.000000
FR,2024,2024-08-01,54.56,3100157.000,34.97,0.640979,1.000000
FR,2024,2024-09-01,51.86,2115347.000,33.10,0.638234,1.000000
FR,2024,2024-10-01,62.06,1631613.000,51.73,0.833684,1.000000
FR,2024,2024-11-01,100.53,1187945.000,96.26,0.957482,1.000000
FR,2024,2024-12-01,98.18,920036.968,104.86,1.068097,1.000000
FR,2025,2025-01-01,102.27,1047323.518,106.94,1.045644,1.000000
FR,2025,2025-02-01,122.66,1543224.555,112.21,0.914781,1.000000
FR,2025,2025-03-01,76.88,2602963.250,51.14,0.665259,1.000000
FR,2025,2025-04-01,42.21,2853227.265,17.88,0.423490,1.000000
FR,2025,2025-05-01,19.38,3305102.880,4.04,0.208587,1.000000
FR,2025,2025-06-01,40.74,3761168.600,19.11,0.468926,1.000000
FR,2025,2025-07-01,57.98,4072185.960,38.09,0.656941,1.000000
FR,2025,2025-08-01,54.44,3641193.858,25.63,0.470814,1.000000
FR,2025,2025-09-01,34.81,2679525.623,17.55,0.504061,1.000000
FR,2025,2025-10-01,57.47,2294158.653,43.70,0.760367,1.000000
FR,2025,2025-11-01,59.13,1369112.078,48.55,0.821030,1.000000
FR,2025,2025-12-01,68.73,1092510.060,64.97,0.945209,1.000000
FR,2026,2026-01-01,100.65,1103857.765,102.46,1.017989,1.000000
FR,2026,2026-02-01,46.02,1467176.608,31.52,0.685016,1.000000
FR,2026,2026-03-01,63.85,3021954.238,29.63,0.464099,1.000000
FR,2026,2026-04-01,39.80,3473019.128,3.33,0.083774,1.000000
FR,2026,2026-05-01,52.20,3950542.880,13.60,0.260552,1.000000
FR,2026,2026-06-01,66.07,4384432.758,41.19,0.623462,1.000000
FR,2026,2026-07-01,95.23,4930630.663,46.96,0.493085,1.000000
FR,2026,2026-08-01,122.80,4280034.555,71.25,0.580243,1.000000
FR,2026,2026-09-01,143.30,3878988.715,77.88,0.543503,1.000000
FR,2026,2026-10-01,198.95,177140.815,170.40,0.856481,1.000000
IT_NORD,2019,2019-01-01,67.63,296963.000,70.97,1.049324,1.000000
IT_NORD,2019,2019-02-01,57.28,499367.000,55.12,0.962227,1.000000
IT_NORD,2019,2019-03-01,53.57,749523.000,50.79,0.948164,1.000000
IT_NORD,2019,2019-04-01,53.32,642321.000,50.85,0.953703,1.000000
IT_NORD,2019,2019-05-01,49.68,682638.000,50.14,1.009401,1.000000
IT_NORD,2019,2019-06-01,44.81,916595.000,46.40,1.035538,1.000000
IT_NORD,2019,2019-07-01,50.65,888165.000,52.39,1.034385,1.000000
IT_NORD,2019,2019-08-01,45.23,890667.000,43.97,0.972123,1.000000
IT_NORD,2019,2019-09-01,50.69,670323.000,50.20,0.990397,1.000000
IT_NORD,2019,2019-10-01,52.14,436432.000,52.90,1.014628,1.000000
IT_NORD,2019,2019-11-01,48.06,176439.000,50.74,1.055887,1.000000
IT_NORD,2019,2019-12-01,42.28,189094.000,43.52,1.029266,1.000000
IT_NORD,2020,2020-01-01,45.89,292505.000,46.18,1.006280,1.000000
IT_NORD,2020,2020-02-01,38.70,457479.000,38.43,0.993050,1.000000
IT_NORD,2020,2020-03-01,31.42,578834.000,28.49,0.906585,1.000000
IT_NORD,2020,2020-04-01,24.46,900201.000,19.73,0.806362,1.000000
IT_NORD,2020,2020-05-01,21.05,831059.000,19.01,0.903459,1.000000
IT_NORD,2020,2020-06-01,27.04,819605.000,26.55,0.981992,1.000000
IT_NORD,2020,2020-07-01,35.96,919566.000,36.89,1.025752,1.000000
IT_NORD,2020,2020-08-01,37.99,853848.000,36.92,0.971962,1.000000
IT_NORD,2020,2020-09-01,47.69,694415.000,47.97,1.005884,1.000000
IT_NORD,2020,2020-10-01,42.01,443624.000,41.78,0.994522,1.000000
IT_NORD,2020,2020-11-01,47.49,247296.000,47.87,1.008074,1.000000
IT_NORD,2020,2020-12-01,53.68,113732.000,57.21,1.065777,1.000000
IT_NORD,2021,2021-01-01,61.47,215607.000,69.30,1.127262,1.000000
IT_NORD,2021,2021-02-01,57.53,370972.000,56.82,0.987696,1.000000
IT_NORD,2021,2021-03-01,60.13,783590.000,58.31,0.969651,1.000000
IT_NORD,2021,2021-04-01,69.06,727112.000,65.46,0.947888,1.000000
IT_NORD,2021,2021-05-01,69.50,865409.000,67.58,0.972402,1.000000
IT_NORD,2021,2021-06-01,82.43,926199.000,82.80,1.004470,1.000000
IT_NORD,2021,2021-07-01,100.41,815684.000,102.72,1.023003,1.000000
IT_NORD,2021,2021-08-01,105.78,898861.000,105.42,0.996625,1.000000
IT_NORD,2021,2021-09-01,158.65,679655.000,153.42,0.967051,1.000000
IT_NORD,2021,2021-10-01,218.56,511327.000,212.37,0.971641,1.000000
IT_NORD,2021,2021-11-01,226.41,221005.000,238.90,1.055168,1.000000
IT_NORD,2021,2021-12-01,286.85,172653.000,316.13,1.102075,1.000000
IT_NORD,2022,2022-01-01,226.88,297066.000,233.57,1.029490,1.000000
IT_NORD,2022,2022-02-01,213.11,465672.000,208.00,0.976020,1.000000
IT_NORD,2022,2022-03-01,311.53,752913.000,296.05,0.950314,1.000000
IT_NORD,2022,2022-04-01,249.85,908675.000,224.50,0.898546,1.000000
IT_NORD,2022,2022-05-01,229.16,897842.000,215.83,0.941847,1.000000
IT_NORD,2022,2022-06-01,273.23,915675.000,262.73,0.961585,1.000000
IT_NORD,2022,2022-07-01,451.40,997889.000,451.05,0.999228,1.000000
IT_NORD,2022,2022-08-01,547.60,970075.000,513.96,0.938569,1.000000
IT_NORD,2022,2022-09-01,436.05,664590.000,422.08,0.967960,1.000000
IT_NORD,2022,2022-10-01,213.03,514289.000,196.39,0.921859,1.000000
IT_NORD,2022,2022-11-01,227.57,259965.000,213.78,0.939414,1.000000
IT_NORD,2022,2022-12-01,303.88,101424.000,326.78,1.075346,1.000000
IT_NORD,2023,2023-01-01,176.94,214560.000,177.48,1.003053,1.000000
IT_NORD,2023,2023-02-01,162.12,444286.000,154.19,0.951113,1.000000
IT_NORD,2023,2023-03-01,141.01,742265.000,123.61,0.876604,1.000000
IT_NORD,2023,2023-04-01,135.55,912934.000,113.85,0.839882,1.000000
IT_NORD,2023,2023-05-01,105.53,854967.000,89.62,0.849282,1.000000
IT_NORD,2023,2023-06-01,105.35,957237.000,96.26,0.913718,1.000000
IT_NORD,2023,2023-07-01,110.61,1025686.000,102.80,0.929409,1.000000
IT_NORD,2023,2023-08-01,111.17,1107892.000,96.73,0.870046,1.000000
IT_NORD,2023,2023-09-01,116.15,805359.000,102.37,0.881399,1.000000
IT_NORD,2023,2023-10-01,133.46,541181.000,117.50,0.880405,1.000000
IT_NORD,2023,2023-11-01,122.01,383409.000,111.07,0.910331,1.000000
IT_NORD,2023,2023-12-01,115.76,217544.000,110.21,0.951983,1.000000
IT_NORD,2024,2024-01-01,99.34,272867.000,95.64,0.962736,1.000000
IT_NORD,2024,2024-02-01,87.91,342275.000,81.63,0.928591,1.000000
IT_NORD,2024,2024-03-01,89.44,611790.000,75.99,0.849684,1.000000
IT_NORD,2024,2024-04-01,87.28,975289.000,67.57,0.774180,1.000000
IT_NORD,2024,2024-05-01,94.16,1101948.000,79.12,0.840265,1.000000
IT_NORD,2024,2024-06-01,101.39,1233172.000,89.21,0.879914,1.000000
IT_NORD,2024,2024-07-01,107.61,1524735.000,102.71,0.954421,1.000000
IT_NORD,2024,2024-08-01,124.47,1395412.000,114.94,0.923471,1.000000
IT_NORD,2024,2024-09-01,115.78,884044.000,104.64,0.903822,1.000000
IT_NORD,2024,2024-10-01,114.41,478136.000,104.23,0.911000,1.000000
IT_NORD,2024,2024-11-01,130.67,474320.000,122.82,0.939970,1.000000
IT_NORD,2024,2024-12-01,135.34,368846.000,128.41,0.948793,1.000000
IT_NORD,2025,2025-01-01,143.32,332166.000,138.70,0.967768,1.000000
IT_NORD,2025,2025-02-01,150.56,502932.250,139.98,0.929728,1.000000
IT_NORD,2025,2025-03-01,121.24,1029810.000,102.36,0.844277,1.000000
IT_NORD,2025,2025-04-01,100.27,1341215.250,76.49,0.762843,1.000000
IT_NORD,2025,2025-05-01,93.79,1517413.000,62.94,0.671088,1.000000
IT_NORD,2025,2025-06-01,110.30,1689237.750,95.96,0.869967,1.000000
IT_NORD,2025,2025-07-01,112.64,1631284.000,102.94,0.913879,1.000000
IT_NORD,2025,2025-08-01,107.38,1572093.250,93.35,0.869307,1.000000
IT_NORD,2025,2025-09-01,107.49,1124983.500,91.79,0.853997,1.000000
IT_NORD,2025,2025-10-01,112.12,881560.250,97.20,0.866922,1.000000
IT_NORD,2025,2025-11-01,118.25,565897.250,113.53,0.960101,1.000000
IT_NORD,2025,2025-12-01,115.50,398518.750,109.32,0.946492,1.000000
IT_NORD,2026,2026-01-01,133.80,404478.750,134.92,1.008341,1.000000
IT_NORD,2026,2026-02-01,115.89,679753.250,105.22,0.907957,1.000000
IT_NORD,2026,2026-03-01,144.15,1139306.500,125.58,0.871124,1.000000
IT_NORD,2026,2026-04-01,121.06,1338898.750,86.75,0.716607,1.000000
IT_NORD,2026,2026-05-01,122.53,1503467.500,82.25,0.671261,1.000000
IT_NORD,2026,2026-06-01,133.66,1595936.750,110.61,0.827507,1.000000
IT_NORD,2026,2026-07-01,156.22,1826786.500,137.86,0.882431,1.000000
IT_NORD,2026,2026-08-01,177.10,1674664.500,150.25,0.848427,1.000000
IT_NORD,2026,2026-09-01,205.78,1216808.500,176.26,0.856539,1.000000
IT_NORD,2026,2026-10-01,214.09,62422.750,199.58,0.932210,1.000000
NL,2019,2019-01-01,58.32,772.490,62.73,1.075550,1.000000
NL,2019,2019-02-01,46.86,2309.870,43.40,0.926125,1.000000
NL,2019,2019-03-01,40.52,3468.713,38.59,0.952210,1.000000
NL,2019,2019-04-01,40.82,7175.883,39.32,0.963150,1.000000
NL,2019,2019-05-01,40.20,7740.105,39.45,0.981392,1.000000
NL,2019,2019-06-01,36.24,9487.235,34.34,0.947523,1.000000
NL,2019,2019-07-01,39.59,10392.038,39.58,0.999725,1.000000
NL,2019,2019-08-01,37.44,9448.513,36.39,0.971894,1.000000
NL,2019,2019-09-01,36.57,6440.283,35.29,0.965064,1.000000
NL,2019,2019-10-01,37.94,3634.200,40.02,1.054805,1.000000
NL,2019,2019-11-01,42.71,3605.373,46.14,1.080217,1.000000
NL,2019,2019-12-01,37.39,2848.335,42.54,1.137726,1.000000
NL,2020,2020-01-01,37.10,2779.333,41.06,1.106763,1.000000
NL,2020,2020-02-01,29.56,6084.890,31.47,1.064733,1.000000
NL,2020,2020-03-01,24.74,19542.398,19.09,0.771529,1.000000
NL,2020,2020-04-01,19.01,30088.675,12.75,0.670925,1.000000
NL,2020,2020-05-01,17.65,33136.870,15.14,0.857667,1.000000
NL,2020,2020-06-01,26.23,27683.723,25.57,0.974808,1.000000
NL,2020,2020-07-01,29.35,26211.305,25.45,0.867130,1.000000
NL,2020,2020-08-01,34.02,25507.830,31.51,0.925977,1.000000
NL,2020,2020-09-01,42.62,19528.745,38.58,0.905232,1.000000
NL,2020,2020-10-01,37.11,9227.615,38.57,1.039133,1.000000
NL,2020,2020-11-01,41.04,7920.828,41.12,1.001992,1.000000
NL,2020,2020-12-01,48.26,3681.638,52.73,1.092810,1.000000
NL,2021,2021-01-01,53.63,6467.598,59.01,1.100184,1.000000
NL,2021,2021-02-01,49.23,15140.598,48.56,0.986384,1.000000
NL,2021,2021-03-01,48.88,30504.275,40.62,0.831102,1.000000
NL,2021,2021-04-01,53.83,49060.240,46.86,0.870506,1.000000
NL,2021,2021-05-01,56.13,54813.095,48.35,0.861269,1.000000
NL,2021,2021-06-01,76.46,66639.405,69.78,0.912679,1.000000
NL,2021,2021-07-01,82.58,56915.843,75.06,0.908876,1.000000
NL,2021,2021-08-01,86.62,51631.413,82.75,0.955283,1.000000
NL,2021,2021-09-01,136.43,36572.150,124.42,0.911928,1.000000
NL,2021,2021-10-01,163.67,23352.370,152.62,0.932446,1.000000
NL,2021,2021-11-01,186.25,10576.450,178.96,0.960902,1.000000
NL,2021,2021-12-01,237.81,6293.363,273.25,1.149030,1.000000
NL,2022,2022-01-01,189.10,8013.433,207.35,1.096498,1.000000
NL,2022,2022-02-01,168.37,17821.988,149.11,0.885638,1.000000
NL,2022,2022-03-01,261.18,51860.593,205.52,0.786884,1.000000
NL,2022,2022-04-01,195.20,56608.015,148.11,0.758755,1.000000
NL,2022,2022-05-01,181.37,66309.503,151.42,0.834858,1.000000
NL,2022,2022-06-01,210.55,68090.790,182.72,0.867834,1.000000
NL,2022,2022-07-01,306.60,64010.418,255.93,0.834726,1.000000
NL,2022,2022-08-01,447.06,71865.108,377.55,0.844522,1.000000
NL,2022,2022-09-01,341.88,50038.190,307.73,0.900127,1.000000
NL,2022,2022-10-01,155.41,31245.958,133.62,0.859840,1.000000
NL,2022,2022-11-01,179.19,13751.273,166.61,0.929794,1.000000
NL,2022,2022-12-01,258.89,7547.948,316.82,1.223775,1.000000
NL,2023,2023-01-01,126.01,10428.083,130.51,1.035732,1.000000
NL,2023,2023-02-01,134.85,19243.138,118.68,0.880067,1.000000
NL,2023,2023-03-01,104.56,38920.913,84.33,0.806556,1.000000
NL,2023,2023-04-01,98.62,64008.265,76.93,0.780030,1.000000
NL,2023,2023-05-01,77.95,79341.155,49.98,0.641197,1.000000
NL,2023,2023-06-01,91.98,99234.030,70.34,0.764711,1.000000
NL,2023,2023-07-01,71.79,72216.080,52.79,0.735253,1.000000
NL,2023,2023-08-01,91.33,63127.725,71.86,0.786795,1.000000
NL,2023,2023-09-01,98.69,57989.523,74.25,0.752314,1.000000
NL,2023,2023-10-01,90.24,25405.157,70.31,0.779113,1.000000
NL,2023,2023-11-01,94.41,11933.428,94.73,1.003433,1.000000
NL,2023,2023-12-01,73.19,5378.248,82.17,1.122719,1.000000
NL,2024,2024-01-01,78.36,10981.158,74.38,0.949146,1.000000
NL,2024,2024-02-01,63.89,13340.160,63.06,0.987068,1.000000
NL,2024,2024-03-01,63.41,36923.113,42.53,0.670703,1.000000
NL,2024,2024-04-01,58.34,53574.783,40.37,0.691978,1.000000
NL,2024,2024-05-01,65.73,70230.158,36.61,0.557047,1.000000
NL,2024,2024-06-01,68.00,67408.355,44.21,0.650091,1.000000
NL,2024,2024-07-01,65.04,70401.610,38.25,0.588089,1.000000
NL,2024,2024-08-01,77.10,65921.335,45.82,0.594321,1.000000
NL,2024,2024-09-01,77.87,51927.349,43.75,0.561780,1.000000
NL,2024,2024-10-01,87.52,30560.820,67.49,0.771104,1.000000
NL,2024,2024-11-01,113.51,10567.835,100.95,0.889414,1.000000
NL,2024,2024-12-01,108.06,5532.603,115.65,1.070291,1.000000
NL,2025,2025-01-01,116.65,10068.094,111.84,0.958758,1.000000
NL,2025,2025-02-01,125.83,19667.076,107.61,0.855243,1.000000
NL,2025,2025-03-01,91.72,57406.024,50.62,0.551908,1.000000
NL,2025,2025-04-01,74.84,59122.409,36.70,0.490368,1.000000
NL,2025,2025-05-01,64.21,67499.302,36.63,0.570534,1.000000
NL,2025,2025-06-01,67.66,61540.432,39.59,0.585038,1.000000
NL,2025,2025-07-01,87.53,70425.855,62.14,0.709952,1.000000
NL,2025,2025-08-01,74.58,62417.310,47.34,0.634675,1.000000
NL,2025,2025-09-01,77.65,43078.423,50.91,0.655655,1.000000
NL,2025,2025-10-01,82.34,25206.864,73.68,0.894756,1.000000
NL,2025,2025-11-01,93.73,13379.907,92.11,0.982719,1.000000
NL,2025,2025-12-01,87.70,7786.514,87.06,0.992764,1.000000
NL,2026,2026-01-01,107.59,6498.714,106.42,0.989134,1.000000
NL,2026,2026-02-01,92.95,14192.162,78.99,0.849839,1.000000
NL,2026,2026-03-01,98.90,44666.543,54.22,0.548260,1.000000
NL,2026,2026-04-01,84.59,60794.871,46.22,0.546380,1.000000
NL,2026,2026-05-01,94.91,70877.988,54.30,0.572121,1.000000
NL,2026,2026-06-01,110.08,71418.508,72.36,0.657270,1.000000
NL,2026,2026-07-01,105.86,63598.770,62.21,0.587687,1.000000
NL,2026,2026-08-01,125.41,61710.016,65.66,0.523584,1.000000
NL,2026,2026-09-01,152.21,30114.066,99.25,0.652040,1.000000
NL,2026,2026-10-01,198.00,1557.569,165.98,0.838266,1.000000
PL,2019,2019-11-01,50.83,,,,0.000000
PL,2019,2019-12-01,44.56,,,,0.000000
PL,2020,2020-01-01,44.14,,,,0.000000
PL,2020,2020-02-01,40.90,,,,0.000000
PL,2020,2020-03-01,36.93,,,,0.000000
PL,2020,2020-04-01,33.30,154532.700,36.35,1.091764,0.700000
PL,2020,2020-05-01,38.53,223826.860,40.98,1.063618,1.000000
PL,2020,2020-06-01,48.37,218639.720,52.65,1.088278,1.000000
PL,2020,2020-07-01,48.98,263233.250,51.28,1.046973,1.000000
PL,2020,2020-08-01,52.28,282649.680,57.55,1.100930,1.000000
PL,2020,2020-09-01,53.75,238567.900,56.57,1.052555,1.000000
PL,2020,2020-10-01,52.19,159385.020,56.15,1.075913,1.000000
PL,2020,2020-11-01,53.54,124287.760,58.19,1.086865,1.000000
PL,2020,2020-12-01,56.67,99605.760,63.11,1.113715,1.000000
PL,2021,2021-01-01,54.78,68731.900,60.14,1.097888,1.000000
PL,2021,2021-02-01,58.88,139746.160,62.72,1.065159,1.000000
PL,2021,2021-03-01,59.63,302487.120,62.49,1.047827,1.000000
PL,2021,2021-04-01,59.33,445256.870,59.09,0.995969,1.000000
PL,2021,2021-05-01,65.64,605287.820,64.71,0.985757,1.000000
PL,2021,2021-06-01,76.19,767885.520,76.55,1.004745,1.000000
PL,2021,2021-07-01,82.39,685030.900,83.87,1.017891,1.000000
PL,2021,2021-08-01,82.31,550577.300,81.62,0.991659,1.000000
PL,2021,2021-09-01,102.26,471282.100,97.70,0.955432,1.000000
PL,2021,2021-10-01,103.24,348559.020,102.56,0.993453,1.000000
PL,2021,2021-11-01,117.71,131101.970,124.89,1.061045,1.000000
PL,2021,2021-12-01,179.48,98615.110,221.39,1.233516,1.000000
PL,2022,2022-01-01,143.85,134023.250,172.63,1.200059,1.000000
PL,2022,2022-02-01,116.83,279551.030,120.21,1.028944,1.000000
PL,2022,2022-03-01,141.43,795292.740,115.89,0.819400,1.000000
PL,2022,2022-04-01,124.21,845561.390,110.43,0.889053,1.000000
PL,2022,2022-05-01,140.49,1212861.380,120.66,0.858795,1.000000
PL,2022,2022-06-01,185.12,1332105.720,149.81,0.809242,1.000000
PL,2022,2022-07-01,220.25,1323266.770,174.47,0.792159,1.000000
PL,2022,2022-08-01,268.69,1257820.300,220.40,0.820293,1.000000
PL,2022,2022-09-01,175.70,915406.880,153.53,0.873826,1.000000
PL,2022,2022-10-01,134.25,752652.940,123.40,0.919207,1.000000
PL,2022,2022-11-01,170.86,295553.800,159.34,0.932579,1.000000
PL,2022,2022-12-01,173.78,146304.210,174.50,1.004133,1.000000
PL,2023,2023-01-01,132.50,204717.220,135.73,1.024404,1.000000
PL,2023,2023-02-01,136.78,449546.950,137.91,1.008275,1.000000
PL,2023,2023-03-01,120.44,899409.030,110.44,0.916951,1.000000
PL,2023,2023-04-01,122.09,1225104.860,112.23,0.919216,1.000000
PL,2023,2023-05-01,105.72,1881461.400,89.95,0.850823,1.000000
PL,2023,2023-06-01,118.17,1869324.020,106.99,0.905372,1.000000
PL,2023,2023-07-01,115.80,1941967.360,105.08,0.907435,1.000000
PL,2023,2023-08-01,107.08,1608784.570,95.61,0.892946,1.000000
PL,2023,2023-09-01,109.84,1713253.300,92.57,0.842781,1.000000
PL,2023,2023-10-01,95.43,826164.830,81.35,0.852489,1.000000
PL,2023,2023-11-01,98.38,396063.880,94.86,0.964243,1.000000
PL,2023,2023-12-01,80.12,207816.010,79.17,0.988187,1.000000
PL,2024,2024-01-01,93.51,351097.170,100.32,1.072827,1.000000
PL,2024,2024-02-01,75.95,546180.650,76.55,1.007869,1.000000
PL,2024,2024-03-01,75.36,1258197.750,62.91,0.834815,1.000000
PL,2024,2024-04-01,80.87,1714975.630,65.29,0.807387,1.000000
PL,2024,2024-05-01,85.57,2566072.580,66.50,0.777107,1.000000
PL,2024,2024-06-01,105.46,2373227.949,82.67,0.783925,1.000000
PL,2024,2024-07-01,109.07,2475980.458,73.89,0.677484,1.000000
PL,2024,2024-08-01,100.12,2377757.173,63.38,0.633051,1.000000
PL,2024,2024-09-01,95.01,1755464.123,61.84,0.650849,1.000000
PL,2024,2024-10-01,103.25,1209299.558,76.17,0.737758,1.000000
PL,2024,2024-11-01,120.64,434123.530,107.51,0.891114,1.000000
PL,2024,2024-12-01,109.48,282762.528,117.47,1.073044,1.000000
PL,2025,2025-01-01,114.07,430443.123,116.73,1.023362,1.000000
PL,2025,2025-02-01,133.82,937964.709,113.28,0.846510,1.000000
PL,2025,2025-03-01,99.31,1734407.998,56.38,0.567755,1.000000
PL,2025,2025-04-01,85.94,2178689.630,46.62,0.542510,1.000000
PL,2025,2025-05-01,94.08,2487418.210,61.85,0.657455,1.000000
PL,2025,2025-06-01,81.50,2577060.736,40.74,0.499838,1.000000
PL,2025,2025-07-01,102.44,2455085.640,75.28,0.734830,1.000000
PL,2025,2025-08-01,89.58,2470009.319,59.22,0.661044,1.000000
PL,2025,2025-09-01,107.54,1827951.904,76.26,0.709165,1.000000
PL,2025,2025-10-01,104.92,1131821.791,85.65,0.816366,1.000000
PL,2025,2025-11-01,124.05,625959.820,106.87,0.861524,1.000000
PL,2025,2025-12-01,116.53,371820.253,114.05,0.978738,1.000000
PL,2026,2026-01-01,143.26,560497.356,146.42,1.022032,1.000000
PL,2026,2026-02-01,115.73,831590.171,96.60,0.834743,1.000000
PL,2026,2026-03-01,104.63,2085875.160,55.91,0.534333,1.000000
PL,2026,2026-04-01,83.03,2655631.902,32.36,0.389717,1.000000
PL,2026,2026-05-01,101.87,2985854.480,53.73,0.527410,1.000000
PL,2026,2026-06-01,114.43,3115953.952,75.35,0.658510,1.000000
PL,2026,2026-07-01,112.10,2928392.221,70.32,0.627269,1.000000
PL,2026,2026-08-01,134.40,2874489.412,82.14,0.611170,1.000000
PL,2026,2026-09-01,149.93,2154260.342,90.88,0.606153,1.000000
PL,2026,2026-10-01,156.04,167012.269,93.37,0.598350,1.000000
PT,2019,2019-01-01,62.66,57184.100,64.97,1.036827,1.000000
PT,2019,2019-02-01,54.73,68405.600,55.60,1.015950,1.000000
PT,2019,2019-03-01,49.21,92754.300,49.66,1.009201,1.000000
PT,2019,2019-04-01,50.65,91279.000,51.32,1.013096,1.000000
PT,2019,2019-05-01,48.75,114486.600,49.20,1.009279,1.000000
PT,2019,2019-06-01,47.20,111930.400,46.97,0.995208,1.000000
PT,2019,2019-07-01,51.46,113694.300,53.11,1.031983,1.000000
PT,2019,2019-08-01,44.96,120406.500,45.88,1.020469,1.000000
PT,2019,2019-09-01,42.15,105315.100,42.54,1.009219,1.000000
PT,2019,2019-10-01,47.19,83905.500,46.35,0.982193,1.000000
PT,2019,2019-11-01,42.12,49593.000,42.89,1.018230,1.000000
PT,2019,2019-12-01,33.68,52789.700,38.09,1.131073,1.000000
PT,2020,2020-01-01,40.90,61669.400,41.06,1.003905,1.000000
PT,2020,2020-02-01,36.03,83948.000,35.64,0.989236,1.000000
PT,2020,2020-03-01,27.86,100268.700,27.97,1.003747,1.000000
PT,2020,2020-04-01,17.75,96031.400,17.29,0.974039,1.000000
PT,2020,2020-05-01,21.40,127475.400,20.73,0.968394,1.000000
PT,2020,2020-06-01,30.65,133046.200,30.09,0.981916,1.000000
PT,2020,2020-07-01,34.63,150579.200,35.42,1.022981,1.000000
PT,2020,2020-08-01,36.12,149035.000,36.11,0.999611,1.000000
PT,2020,2020-09-01,41.92,121199.100,41.54,0.990745,1.000000
PT,2020,2020-10-01,36.42,107693.100,35.79,0.982660,1.000000
PT,2020,2020-11-01,42.11,69779.200,42.80,1.016179,1.000000
PT,2020,2020-12-01,42.04,65570.800,43.57,1.036528,1.000000
PT,2021,2021-01-01,60.63,70594.800,65.88,1.086700,1.000000
PT,2021,2021-02-01,28.24,71009.400,24.76,0.876566,1.000000
PT,2021,2021-03-01,45.42,138173.300,40.61,0.894116,1.000000
PT,2021,2021-04-01,64.95,125557.900,59.52,0.916327,1.000000
PT,2021,2021-05-01,67.15,168800.900,61.88,0.921480,1.000000
PT,2021,2021-06-01,83.29,176000.900,80.33,0.964470,1.000000
PT,2021,2021-07-01,92.57,212365.400,89.70,0.968991,1.000000
PT,2021,2021-08-01,106.06,211608.700,100.73,0.949806,1.000000
PT,2021,2021-09-01,156.66,169251.100,149.75,0.955876,1.000000
PT,2021,2021-10-01,199.72,152298.500,191.21,0.957373,1.000000
PT,2021,2021-11-01,193.79,125132.900,183.29,0.945781,1.000000
PT,2021,2021-12-01,239.07,98148.100,233.61,0.977156,1.000000
PT,2022,2022-01-01,201.98,145399.200,197.49,0.977791,1.000000
PT,2022,2022-02-01,200.81,157586.300,185.48,0.923680,1.000000
PT,2022,2022-03-01,283.22,163303.400,280.80,0.991432,1.000000
PT,2022,2022-04-01,191.99,235512.400,157.03,0.817911,1.000000
PT,2022,2022-05-01,187.17,275595.300,167.85,0.896778,1.000000
PT,2022,2022-06-01,169.72,271190.700,152.86,0.900652,1.000000
PT,2022,2022-07-01,143.82,297278.300,136.24,0.947295,1.000000
PT,2022,2022-08-01,157.32,292192.900,137.54,0.874253,1.000000
PT,2022,2022-09-01,141.20,244989.500,109.47,0.775288,1.000000
PT,2022,2022-10-01,127.19,193010.900,109.48,0.860769,1.000000
PT,2022,2022-11-01,115.40,145248.800,104.78,0.907999,1.000000
PT,2022,2022-12-01,96.35,110509.500,88.78,0.921499,1.000000
PT,2023,2023-01-01,69.53,187474.300,64.40,0.926209,1.000000
PT,2023,2023-02-01,134.25,212915.600,122.08,0.909374,1.000000
PT,2023,2023-03-01,89.96,290523.100,66.06,0.734281,1.000000
PT,2023,2023-04-01,77.00,365405.500,50.43,0.655012,1.000000
PT,2023,2023-05-01,76.07,368635.200,55.63,0.731359,1.000000
PT,2023,2023-06-01,95.60,363242.500,84.01,0.878773,1.000000
PT,2023,2023-07-01,93.80,434949.900,78.50,0.836934,1.000000
PT,2023,2023-08-01,97.88,421451.100,80.92,0.826751,1.000000
PT,2023,2023-09-01,104.16,318359.000,86.51,0.830519,1.000000
PT,2023,2023-10-01,89.60,242179.600,76.35,0.852130,1.000000
PT,2023,2023-11-01,63.38,197258.600,50.44,0.795836,1.000000
PT,2023,2023-12-01,72.15,186183.200,59.64,0.826665,1.000000
PT,2024,2024-01-01,74.09,200666.900,62.75,0.847003,1.000000
PT,2024,2024-02-01,39.76,261020.500,29.94,0.752921,1.000000
PT,2024,2024-03-01,19.28,320000.000,8.68,0.450262,1.000000
PT,2024,2024-04-01,13.27,423155.600,4.44,0.334120,1.000000
PT,2024,2024-05-01,30.70,527557.700,12.08,0.393680,1.000000
PT,2024,2024-06-01,58.21,488856.900,35.26,0.605721,1.000000
PT,2024,2024-07-01,74.17,650771.700,49.39,0.665856,1.000000
PT,2024,2024-08-01,91.14,648042.300,63.60,0.697907,1.000000
PT,2024,2024-09-01,73.59,484679.400,42.47,0.577123,1.000000
PT,2024,2024-10-01,69.40,319331.000,49.21,0.709104,1.000000
PT,2024,2024-11-01,104.65,266764.800,85.27,0.814836,1.000000
PT,2024,2024-12-01,111.55,317296.800,89.97,0.806491,1.000000
PT,2025,2025-01-01,96.74,278459.500,80.70,0.834248,1.000000
PT,2025,2025-02-01,108.17,332979.300,74.20,0.685959,1.000000
PT,2025,2025-03-01,52.58,409421.500,25.79,0.490560,1.000000
PT,2025,2025-04-01,25.82,425433.800,6.52,0.252596,1.000000
PT,2025,2025-05-01,25.84,705271.800,15.61,0.604349,1.000000
PT,2025,2025-06-01,74.27,715368.100,36.21,0.487545,1.000000
PT,2025,2025-07-01,70.07,803340.400,39.20,0.559517,1.000000
PT,2025,2025-08-01,68.59,731485.600,31.73,0.462697,1.000000
PT,2025,2025-09-01,61.28,613363.900,21.95,0.358173,1.000000
PT,2025,2025-10-01,76.39,493121.200,43.38,0.567905,1.000000
PT,2025,2025-11-01,59.14,328211.700,32.30,0.546179,1.000000
PT,2025,2025-12-01,77.93,268033.800,67.71,0.868803,1.000000
PT,2026,2026-01-01,71.04,234791.200,64.59,0.909133,1.000000
PT,2026,2026-02-01,10.69,261250.700,3.48,0.325916,1.000000
PT,2026,2026-03-01,40.82,435373.500,15.36,0.376180,1.000000
PT,2026,2026-04-01,42.56,579245.400,9.23,0.216927,1.000000
PT,2026,2026-05-01,54.07,721979.600,12.13,0.224321,1.000000
PT,2026,2026-06-01,70.28,823493.800,27.78,0.395322,1.000000
PT,2026,2026-07-01,107.05,899132.600,61.90,0.578216,1.000000
PT,2026,2026-08-01,121.37,790232.100,55.45,0.456835,1.000000
PT,2026,2026-09-01,143.91,728353.400,59.76,0.415271,1.000000
PT,2026,2026-10-01,164.96,45924.200,100.13,0.606977,1.000000
