zone,local_year,season,days,immediate_eur_per_year,overnight_eur_per_year,smart_eur_per_year,overnight_savings_eur_per_year,smart_savings_eur_per_year,overnight_savings_share,smart_savings_share,immediate_price_eur_mwh,overnight_price_eur_mwh,smart_price_eur_mwh,is_partial_year,partial_reason,data_through_date
BE,2019,autumn,91,182.35,92.03,89.38,90.32,92.97,0.495322,0.509845,49.96,25.21,24.49,false,,2019-12-31
BE,2019,spring,92,160.44,104.91,95.26,55.53,65.18,0.346131,0.406271,43.96,28.74,26.10,false,,2019-12-31
BE,2019,summer,92,147.02,73.96,67.08,73.06,79.94,0.496928,0.543751,40.28,20.26,18.38,false,,2019-12-31
BE,2019,winter,89,215.13,121.66,121.68,93.47,93.45,0.434471,0.434385,58.94,33.33,33.34,false,,2019-12-31
BE,2019,year,364,175.90,97.96,93.13,77.93,82.77,0.443070,0.470564,48.19,26.84,25.51,false,,2019-12-31
BE,2020,autumn,91,203.06,99.34,92.86,103.72,110.21,0.510780,0.542723,55.63,27.22,25.44,false,,2020-12-31
BE,2020,spring,92,91.49,50.41,20.85,41.09,70.65,0.449073,0.772148,25.07,13.81,5.71,false,,2020-12-31
BE,2020,summer,92,139.48,83.06,68.53,56.42,70.95,0.404493,0.508681,38.21,22.76,18.78,false,,2020-12-31
BE,2020,winter,91,181.68,86.66,85.97,95.01,95.71,0.522978,0.526791,49.77,23.74,23.55,false,,2020-12-31
BE,2020,year,366,153.72,79.80,66.93,73.92,86.79,0.480890,0.564602,42.11,21.86,18.34,false,,2020-12-31
BE,2021,autumn,91,809.74,425.40,407.92,384.34,401.82,0.474648,0.496237,221.85,116.55,111.76,false,,2021-12-31
BE,2021,spring,92,241.93,155.70,107.09,86.23,134.84,0.356410,0.557348,66.28,42.66,29.34,false,,2021-12-31
BE,2021,summer,92,327.75,217.63,185.46,110.12,142.29,0.335989,0.434140,89.79,59.62,50.81,false,,2021-12-31
BE,2021,winter,90,542.03,291.20,283.91,250.82,258.11,0.462750,0.476200,148.50,79.78,77.78,false,,2021-12-31
BE,2021,year,365,479.12,271.96,245.44,207.16,233.68,0.432373,0.487719,131.27,74.51,67.25,false,,2021-12-31
BE,2022,autumn,91,1147.17,582.66,514.21,564.52,632.96,0.492095,0.551756,314.29,159.63,140.88,false,,2022-12-31
BE,2022,spring,92,969.50,665.22,452.39,304.28,517.11,0.313849,0.533376,265.62,182.25,123.94,false,,2022-12-31
BE,2022,summer,92,1447.61,1054.28,809.04,393.33,638.57,0.271711,0.441121,396.61,288.84,221.65,false,,2022-12-31
BE,2022,winter,90,984.17,528.44,497.36,455.73,486.81,0.463060,0.494637,269.63,144.78,136.26,false,,2022-12-31
BE,2022,year,365,1137.92,708.97,568.79,428.95,569.13,0.376958,0.500152,311.76,194.24,155.83,false,,2022-12-31
BE,2023,autumn,91,497.59,215.60,171.59,281.99,326.00,0.566713,0.655154,136.33,59.07,47.01,false,,2023-12-31
BE,2023,spring,92,440.93,304.28,216.68,136.64,224.25,0.309899,0.508581,120.80,83.37,59.36,false,,2023-12-31
BE,2023,summer,92,381.27,271.96,167.93,109.31,213.34,0.286695,0.559545,104.46,74.51,46.01,false,,2023-12-31
BE,2023,winter,90,531.89,292.33,279.84,239.56,252.05,0.450396,0.473873,145.72,80.09,76.67,false,,2023-12-31
BE,2023,year,365,462.45,271.08,208.73,191.37,253.72,0.413816,0.548648,126.70,74.27,57.19,false,,2023-12-31
BE,2024,autumn,91,460.93,225.12,169.93,235.82,291.00,0.511607,0.631334,126.28,61.68,46.56,false,,2024-12-31
BE,2024,spring,92,282.15,168.28,67.57,113.86,214.58,0.403559,0.760521,77.30,46.11,18.51,false,,2024-12-31
BE,2024,summer,92,293.39,201.22,31.64,92.16,261.75,0.314140,0.892154,80.38,55.13,8.67,false,,2024-12-31
BE,2024,winter,91,406.04,191.26,185.46,214.77,220.57,0.528945,0.543237,111.24,52.40,50.81,false,,2024-12-31
BE,2024,year,366,360.23,196.41,113.30,163.82,246.93,0.454767,0.685476,98.69,53.81,31.04,false,,2024-12-31
BE,2025,autumn,91,417.50,197.03,149.57,220.47,267.93,0.528078,0.641737,114.38,53.98,40.98,false,,2025-12-31
BE,2025,spring,92,404.03,281.79,-1.07,122.23,405.10,0.302540,1.002646,110.69,77.20,-0.29,false,,2025-12-31
BE,2025,summer,92,329.89,273.03,38.43,56.86,291.46,0.172364,0.883502,90.38,74.80,10.53,false,,2025-12-31
BE,2025,winter,90,514.06,293.57,280.90,220.48,233.16,0.428910,0.453563,140.84,80.43,76.96,false,,2025-12-31
BE,2025,year,365,415.83,261.35,115.97,154.47,299.86,0.371486,0.721109,113.93,71.60,31.77,false,,2025-12-31
BE,2026,autumn,32,820.73,529.41,240.26,291.32,580.47,0.354955,0.707263,224.86,145.04,65.82,true,current_year,2026-10-02
BE,2026,spring,92,472.29,334.51,13.92,137.78,458.36,0.291721,0.970518,129.39,91.65,3.81,true,current_year,2026-10-02
BE,2026,summer,92,497.84,440.43,134.32,57.41,363.53,0.115319,0.730203,136.39,120.67,36.80,true,current_year,2026-10-02
BE,2026,winter,59,462.14,274.00,255.77,188.14,206.37,0.407111,0.446551,126.61,75.07,70.07,true,current_year,2026-10-02
BE,2026,year,275,519.20,379.64,132.42,139.56,386.78,0.268802,0.744947,142.25,104.01,36.28,true,current_year,2026-10-02
DE_LU,2019,autumn,91,178.12,92.49,87.38,85.63,90.74,0.480764,0.509416,48.80,25.34,23.94,false,,2019-12-31
DE_LU,2019,spring,92,158.44,96.59,80.50,61.85,77.94,0.390361,0.491900,43.41,26.46,22.06,false,,2019-12-31
DE_LU,2019,summer,92,164.96,105.06,90.89,59.90,74.07,0.363133,0.448997,45.19,28.78,24.90,false,,2019-12-31
DE_LU,2019,winter,89,191.32,101.01,94.18,90.32,97.14,0.472060,0.507748,52.42,27.67,25.80,false,,2019-12-31
DE_LU,2019,year,364,173.05,98.78,88.19,74.26,84.85,0.429150,0.490355,47.41,27.06,24.16,false,,2019-12-31
DE_LU,2020,autumn,91,194.39,93.57,82.68,100.82,111.71,0.518655,0.574668,53.26,25.64,22.65,false,,2020-12-31
DE_LU,2020,spring,92,104.59,53.51,20.18,51.08,84.41,0.488406,0.807075,28.66,14.66,5.53,false,,2020-12-31
DE_LU,2020,summer,92,140.00,83.93,67.51,56.08,72.49,0.400539,0.517817,38.36,22.99,18.49,false,,2020-12-31
DE_LU,2020,winter,91,160.88,70.81,65.81,90.07,95.07,0.559834,0.590949,44.08,19.40,18.03,false,,2020-12-31
DE_LU,2020,year,366,149.82,75.42,58.96,74.40,90.85,0.496596,0.606446,41.05,20.66,16.15,false,,2020-12-31
DE_LU,2021,autumn,91,730.29,367.04,338.24,363.25,392.05,0.497405,0.536844,200.08,100.56,92.67,false,,2021-12-31
DE_LU,2021,spring,92,240.55,153.68,106.40,86.87,134.15,0.361133,0.557675,65.90,42.10,29.15,false,,2021-12-31
DE_LU,2021,summer,92,344.23,240.14,209.66,104.09,134.57,0.302380,0.390926,94.31,65.79,57.44,false,,2021-12-31
DE_LU,2021,winter,90,496.64,253.73,241.21,242.90,255.43,0.489096,0.514317,136.06,69.52,66.08,false,,2021-12-31
DE_LU,2021,year,365,451.93,253.34,223.47,198.59,228.46,0.439428,0.505520,123.82,69.41,61.22,false,,2021-12-31
DE_LU,2022,autumn,91,1134.01,560.90,510.02,573.11,623.99,0.505382,0.550252,310.69,153.67,139.73,false,,2022-12-31
DE_LU,2022,spring,92,920.47,630.80,473.51,289.67,446.96,0.314700,0.485577,252.18,172.82,129.73,false,,2022-12-31
DE_LU,2022,summer,92,1481.91,1067.90,830.23,414.01,651.68,0.279377,0.439758,406.00,292.58,227.46,false,,2022-12-31
DE_LU,2022,winter,90,857.95,454.26,428.44,403.69,429.51,0.470529,0.500625,235.05,124.45,117.38,false,,2022-12-31
DE_LU,2022,year,365,1099.81,680.02,561.41,419.79,538.39,0.381696,0.489536,301.32,186.31,153.81,false,,2022-12-31
DE_LU,2023,autumn,91,522.14,235.68,179.07,286.45,343.07,0.548616,0.657041,143.05,64.57,49.06,false,,2023-12-31
DE_LU,2023,spring,92,446.90,303.90,196.41,143.00,250.49,0.319985,0.560504,122.44,83.26,53.81,false,,2023-12-31
DE_LU,2023,summer,92,405.98,291.84,154.54,114.14,251.44,0.281146,0.619330,111.23,79.96,42.34,false,,2023-12-31
DE_LU,2023,winter,90,480.74,263.84,246.03,216.90,234.71,0.451174,0.488229,131.71,72.29,67.40,false,,2023-12-31
DE_LU,2023,year,365,463.69,273.98,193.77,189.71,269.92,0.409138,0.582112,127.04,75.06,53.09,false,,2023-12-31
DE_LU,2024,autumn,91,548.79,252.30,178.92,296.48,369.86,0.540253,0.673964,150.35,69.12,49.02,false,,2024-12-31
DE_LU,2024,spring,92,353.46,213.81,86.86,139.65,266.60,0.395089,0.754249,96.84,58.58,23.80,false,,2024-12-31
DE_LU,2024,summer,92,359.74,257.84,59.14,101.90,300.59,0.283256,0.835593,98.56,70.64,16.20,false,,2024-12-31
DE_LU,2024,winter,91,394.01,192.87,181.82,201.15,212.19,0.510509,0.538535,107.95,52.84,49.81,false,,2024-12-31
DE_LU,2024,year,366,413.69,229.24,126.40,184.44,287.29,0.445857,0.694465,113.34,62.81,34.63,false,,2024-12-31
DE_LU,2025,autumn,91,534.78,239.61,171.79,295.17,362.99,0.551944,0.678765,146.51,65.65,47.07,false,,2025-12-31
DE_LU,2025,spring,92,456.70,297.40,27.54,159.30,429.16,0.348810,0.939704,125.12,81.48,7.54,false,,2025-12-31
DE_LU,2025,summer,92,366.71,298.57,43.57,68.14,323.14,0.185819,0.881180,100.47,81.80,11.94,false,,2025-12-31
DE_LU,2025,winter,90,520.07,302.96,285.43,217.11,234.64,0.417464,0.451173,142.48,83.00,78.20,false,,2025-12-31
DE_LU,2025,year,365,469.11,284.66,131.13,184.45,337.97,0.393196,0.720464,128.52,77.99,35.93,false,,2025-12-31
DE_LU,2026,autumn,32,813.42,501.89,172.10,311.53,641.32,0.382990,0.788425,222.85,137.50,47.15,true,current_year,2026-10-02
DE_LU,2026,spring,92,511.22,361.30,4.89,149.91,506.32,0.293247,0.990432,140.06,98.99,1.34,true,current_year,2026-10-02
DE_LU,2026,summer,92,507.66,447.10,95.36,60.56,412.29,0.119285,0.812152,139.08,122.49,26.13,true,current_year,2026-10-02
DE_LU,2026,winter,59,480.70,301.04,276.73,179.66,203.97,0.373738,0.424313,131.70,82.48,75.82,true,current_year,2026-10-02
DE_LU,2026,year,275,538.64,393.44,112.94,145.21,425.71,0.269578,0.790330,147.57,107.79,30.94,true,current_year,2026-10-02
ES,2019,autumn,91,178.56,130.65,128.61,47.91,49.95,0.268319,0.279721,48.92,35.79,35.24,false,,2019-12-31
ES,2019,spring,92,175.99,157.18,146.74,18.81,29.24,0.106866,0.166171,48.22,43.06,40.20,false,,2019-12-31
ES,2019,summer,92,171.48,157.83,154.02,13.64,17.46,0.079572,0.101800,46.98,43.24,42.20,false,,2019-12-31
ES,2019,winter,89,206.82,140.87,140.42,65.95,66.40,0.318891,0.321044,56.66,38.59,38.47,false,,2019-12-31
ES,2019,year,364,183.03,146.72,142.50,36.31,40.52,0.198360,0.221412,50.14,40.20,39.04,false,,2019-12-31
ES,2020,autumn,91,164.43,115.31,112.32,49.13,52.11,0.298761,0.316905,45.05,31.59,30.77,false,,2020-12-31
ES,2020,spring,92,83.17,69.14,61.90,14.03,21.27,0.168704,0.255741,22.79,18.94,16.96,false,,2020-12-31
ES,2020,summer,92,125.47,105.84,99.95,19.64,25.53,0.156494,0.203431,34.38,29.00,27.38,false,,2020-12-31
ES,2020,winter,91,170.48,107.10,105.51,63.38,64.97,0.371794,0.381086,46.71,29.34,28.91,false,,2020-12-31
ES,2020,year,366,135.72,99.28,94.84,36.44,40.87,0.268475,0.301158,37.18,27.20,25.98,false,,2020-12-31
ES,2021,autumn,91,747.24,580.97,541.45,166.28,205.79,0.222520,0.275403,204.72,159.17,148.34,false,,2021-12-31
ES,2021,spring,92,217.00,195.70,163.43,21.29,53.57,0.098128,0.246877,59.45,53.62,44.77,false,,2021-12-31
ES,2021,summer,92,333.97,326.05,286.79,7.92,47.18,0.023729,0.141282,91.50,89.33,78.57,false,,2021-12-31
ES,2021,winter,90,497.28,294.12,296.90,203.16,200.38,0.408541,0.402956,136.24,80.58,81.34,false,,2021-12-31
ES,2021,year,365,447.79,348.88,321.68,98.91,126.11,0.220894,0.281633,122.68,95.58,88.13,false,,2021-12-31
ES,2022,autumn,91,522.13,383.40,320.46,138.73,201.67,0.265707,0.386240,143.05,105.04,87.80,false,,2022-12-31
ES,2022,spring,92,814.91,726.59,621.33,88.32,193.57,0.108375,0.237541,223.26,199.07,170.23,false,,2022-12-31
ES,2022,summer,92,520.82,543.60,451.61,-22.77,69.21,-0.043725,0.132895,142.69,148.93,123.73,false,,2022-12-31
ES,2022,winter,90,731.68,490.79,470.04,240.89,261.64,0.329228,0.357587,200.46,134.46,128.78,false,,2022-12-31
ES,2022,year,365,647.27,536.76,466.24,110.51,181.03,0.170727,0.279684,177.33,147.06,127.74,false,,2022-12-31
ES,2023,autumn,91,380.65,268.00,200.92,112.65,179.73,0.295930,0.472164,104.29,73.43,55.05,false,,2023-12-31
ES,2023,spring,92,257.45,285.50,142.96,-28.05,114.49,-0.108936,0.444695,70.54,78.22,39.17,false,,2023-12-31
ES,2023,summer,92,322.56,341.36,233.13,-18.80,89.43,-0.058277,0.277247,88.37,93.52,63.87,false,,2023-12-31
ES,2023,winter,90,432.13,255.08,231.04,177.05,201.09,0.409718,0.465343,118.39,69.89,63.30,false,,2023-12-31
ES,2023,year,365,347.65,287.72,201.86,59.93,145.79,0.172397,0.419362,95.25,78.83,55.30,false,,2023-12-31
ES,2024,autumn,91,365.95,261.11,154.54,104.84,211.41,0.286501,0.577694,100.26,71.54,42.34,false,,2024-12-31
ES,2024,spring,92,64.87,77.43,12.86,-12.56,52.02,-0.193616,0.801829,17.77,21.21,3.52,false,,2024-12-31
ES,2024,summer,92,222.29,304.93,130.77,-82.64,91.51,-0.371769,0.411697,60.90,83.54,35.83,false,,2024-12-31
ES,2024,winter,91,357.99,216.50,190.31,141.48,167.68,0.395223,0.468399,98.08,59.32,52.14,false,,2024-12-31
ES,2024,year,366,252.18,214.86,121.84,37.32,130.33,0.147974,0.516831,69.09,58.87,33.38,false,,2024-12-31
ES,2025,autumn,91,299.44,232.72,60.99,66.72,238.46,0.222814,0.796328,82.04,63.76,16.71,false,,2025-12-31
ES,2025,spring,92,116.46,97.97,19.40,18.48,97.06,0.158711,0.833410,31.91,26.84,5.32,false,,2025-12-31
ES,2025,summer,92,209.14,319.66,68.49,-110.52,140.65,-0.528458,0.672498,57.30,87.58,18.77,false,,2025-12-31
ES,2025,winter,90,463.89,269.08,209.43,194.81,254.45,0.419943,0.548522,127.09,73.72,57.38,false,,2025-12-31
ES,2025,year,365,271.11,229.64,89.00,41.47,182.11,0.152966,0.671713,74.28,62.91,24.38,false,,2025-12-31
ES,2026,autumn,32,552.18,645.26,102.16,-93.08,450.02,-0.168577,0.814996,151.28,176.78,27.99,true,current_year,2026-10-02
ES,2026,spring,92,126.10,203.07,9.80,-76.97,116.30,-0.610387,0.922269,34.55,55.64,2.69,true,current_year,2026-10-02
ES,2026,summer,92,248.33,489.35,62.39,-241.02,185.94,-0.970584,0.748757,68.03,134.07,17.09,true,current_year,2026-10-02
ES,2026,winter,59,255.40,105.97,88.07,149.42,167.32,0.585062,0.655149,69.97,29.03,24.13,true,current_year,2026-10-02
ES,2026,year,275,244.31,329.47,54.93,-85.16,189.38,-0.348556,0.775144,66.93,90.26,15.05,true,current_year,2026-10-02
FR,2019,autumn,91,187.25,93.65,92.40,93.60,94.85,0.499876,0.506541,51.30,25.66,25.32,false,,2019-12-31
FR,2019,spring,92,153.10,100.41,90.75,52.70,62.35,0.344176,0.407260,41.95,27.51,24.86,false,,2019-12-31
FR,2019,summer,92,144.96,83.44,80.02,61.52,64.94,0.424386,0.447979,39.72,22.86,21.92,false,,2019-12-31
FR,2019,winter,89,216.42,120.88,120.70,95.53,95.72,0.441433,0.442294,59.29,33.12,33.07,false,,2019-12-31
FR,2019,year,364,175.06,99.44,95.77,75.63,79.29,0.431995,0.452920,47.96,27.24,26.24,false,,2019-12-31
FR,2020,autumn,91,201.10,99.85,99.14,101.25,101.96,0.503458,0.507025,55.10,27.36,27.16,false,,2020-12-31
FR,2020,spring,92,80.99,45.77,27.17,35.22,53.82,0.434863,0.664512,22.19,12.54,7.44,false,,2020-12-31
FR,2020,summer,92,140.20,85.29,79.61,54.91,60.59,0.391656,0.432176,38.41,23.37,21.81,false,,2020-12-31
FR,2020,winter,91,178.94,85.70,86.10,93.24,92.85,0.521079,0.518854,49.03,23.48,23.59,false,,2020-12-31
FR,2020,year,366,150.09,79.08,72.90,71.01,77.19,0.473126,0.514317,41.12,21.67,19.97,false,,2020-12-31
FR,2021,autumn,91,802.06,444.93,431.62,357.13,370.44,0.445269,0.461858,219.74,121.90,118.25,false,,2021-12-31
FR,2021,spring,92,239.67,165.01,130.61,74.66,109.07,0.311527,0.455070,65.66,45.21,35.78,false,,2021-12-31
FR,2021,summer,92,321.67,201.06,181.62,120.61,140.05,0.374937,0.435384,88.13,55.09,49.76,false,,2021-12-31
FR,2021,winter,90,585.38,330.93,333.53,254.45,251.84,0.434672,0.430222,160.38,90.67,91.38,false,,2021-12-31
FR,2021,year,365,485.79,284.80,268.55,201.00,217.25,0.413751,0.447196,133.09,78.03,73.58,false,,2021-12-31
FR,2022,autumn,91,1198.36,630.56,618.40,567.79,579.95,0.473811,0.483959,328.32,172.76,169.42,false,,2022-12-31
FR,2022,spring,92,991.22,747.88,680.17,243.34,311.05,0.245494,0.313807,271.57,204.90,186.35,false,,2022-12-31
FR,2022,summer,92,1611.65,1109.17,1040.70,502.47,570.94,0.311776,0.354260,441.55,303.88,285.12,false,,2022-12-31
FR,2022,winter,90,1005.53,594.39,585.05,411.15,420.48,0.408883,0.418170,275.49,162.85,160.29,false,,2022-12-31
FR,2022,year,365,1202.77,771.85,732.19,430.92,470.58,0.358275,0.391249,329.53,211.47,200.60,false,,2022-12-31
FR,2023,autumn,91,464.46,195.28,163.06,269.18,301.41,0.579561,0.648934,127.25,53.50,44.67,false,,2023-12-31
FR,2023,spring,92,435.50,303.21,228.59,132.29,206.91,0.303759,0.475107,119.31,83.07,62.63,false,,2023-12-31
FR,2023,summer,92,375.29,259.97,187.08,115.32,188.22,0.307282,0.501520,102.82,71.23,51.25,false,,2023-12-31
FR,2023,winter,90,530.21,303.18,292.18,227.04,238.04,0.428203,0.448941,145.26,83.06,80.05,false,,2023-12-31
FR,2023,year,365,450.90,265.39,217.47,185.50,233.43,0.411411,0.517703,123.53,72.71,59.58,false,,2023-12-31
FR,2024,autumn,91,376.23,160.83,128.66,215.40,247.58,0.572517,0.658045,103.08,44.06,35.25,false,,2024-12-31
FR,2024,spring,92,163.86,96.32,43.92,67.54,119.94,0.412194,0.731954,44.89,26.39,12.03,false,,2024-12-31
FR,2024,summer,92,223.53,128.03,29.33,95.50,194.20,0.427245,0.868799,61.24,35.08,8.03,false,,2024-12-31
FR,2024,winter,91,383.91,187.62,180.74,196.29,203.17,0.511301,0.529218,105.18,51.40,49.52,false,,2024-12-31
FR,2024,year,366,286.37,143.03,95.34,143.34,191.04,0.500551,0.667086,78.46,39.19,26.12,false,,2024-12-31
FR,2025,autumn,91,292.92,107.66,67.88,185.26,225.04,0.632466,0.768250,80.25,29.50,18.60,false,,2025-12-31
FR,2025,spring,92,228.54,131.79,19.78,96.75,208.76,0.423341,0.913459,62.61,36.11,5.42,false,,2025-12-31
FR,2025,summer,92,232.43,162.87,26.28,69.55,206.14,0.299246,0.886922,63.68,44.62,7.20,false,,2025-12-31
FR,2025,winter,90,479.22,251.77,237.23,227.45,241.98,0.474622,0.504957,131.29,68.98,65.00,false,,2025-12-31
FR,2025,year,365,307.38,163.19,87.03,144.19,220.35,0.469088,0.716866,84.21,44.71,23.84,false,,2025-12-31
FR,2026,autumn,32,764.90,515.23,154.20,249.67,610.70,0.326405,0.798407,209.56,141.16,42.25,true,current_year,2026-10-02
FR,2026,spring,92,253.39,173.22,-39.12,80.17,292.51,0.316396,1.154374,69.42,47.46,-10.72,true,current_year,2026-10-02
FR,2026,summer,92,400.73,360.65,84.43,40.08,316.30,0.100014,0.789316,109.79,98.81,23.13,true,current_year,2026-10-02
FR,2026,winter,59,397.88,174.59,164.75,223.29,233.13,0.561201,0.585936,109.01,47.83,45.14,true,current_year,2026-10-02
FR,2026,year,275,393.20,276.02,68.45,117.19,324.76,0.298032,0.825925,107.73,75.62,18.75,true,current_year,2026-10-02
IT_NORD,2019,autumn,91,228.00,134.76,133.02,93.24,94.98,0.408940,0.416574,62.47,36.92,36.44,false,,2019-12-31
IT_NORD,2019,spring,92,218.73,154.97,145.27,63.76,73.46,0.291491,0.335833,59.93,42.46,39.80,false,,2019-12-31
IT_NORD,2019,summer,92,197.77,136.34,133.12,61.43,64.65,0.310597,0.326878,54.18,37.35,36.47,false,,2019-12-31
IT_NORD,2019,winter,89,246.50,154.63,152.83,91.87,93.67,0.372694,0.379990,67.53,42.36,41.87,false,,2019-12-31
IT_NORD,2019,year,364,222.54,145.13,140.99,77.41,81.55,0.347857,0.366461,60.97,39.76,38.63,false,,2019-12-31
IT_NORD,2020,autumn,91,212.59,118.55,117.52,94.04,95.07,0.442366,0.447199,58.25,32.48,32.20,false,,2020-12-31
IT_NORD,2020,spring,92,121.74,70.22,60.17,51.52,61.57,0.423185,0.505748,33.35,19.24,16.49,false,,2020-12-31
IT_NORD,2020,summer,92,144.81,95.95,90.73,48.85,54.08,0.337361,0.373450,39.67,26.29,24.86,false,,2020-12-31
IT_NORD,2020,winter,91,209.99,117.96,117.15,92.03,92.85,0.438252,0.442142,57.53,32.32,32.09,false,,2020-12-31
IT_NORD,2020,year,366,172.07,100.58,96.28,71.49,75.79,0.415494,0.440476,47.14,27.56,26.38,false,,2020-12-31
IT_NORD,2021,autumn,91,874.34,598.78,586.12,275.56,288.22,0.315167,0.329645,239.54,164.05,160.58,false,,2021-12-31
IT_NORD,2021,spring,92,277.04,202.91,188.05,74.14,88.99,0.267601,0.321230,75.90,55.59,51.52,false,,2021-12-31
IT_NORD,2021,summer,92,393.83,294.66,285.57,99.17,108.26,0.251810,0.274892,107.90,80.73,78.24,false,,2021-12-31
IT_NORD,2021,winter,90,601.18,371.45,374.20,229.73,226.98,0.382131,0.377556,164.71,101.77,102.52,false,,2021-12-31
IT_NORD,2021,year,365,535.32,366.29,357.77,169.03,177.54,0.315757,0.331662,146.66,100.35,98.02,false,,2021-12-31
IT_NORD,2022,autumn,91,1331.06,819.55,780.15,511.51,550.91,0.384285,0.413889,364.67,224.53,213.74,false,,2022-12-31
IT_NORD,2022,spring,92,1086.79,851.91,780.29,234.89,306.51,0.216127,0.282030,297.75,233.40,213.78,false,,2022-12-31
IT_NORD,2022,summer,92,1775.45,1342.32,1238.30,433.12,537.15,0.243952,0.302542,486.42,367.76,339.26,false,,2022-12-31
IT_NORD,2022,winter,90,1119.94,689.86,682.81,430.08,437.13,0.384024,0.390313,306.83,189.00,187.07,false,,2022-12-31
IT_NORD,2022,year,365,1329.44,927.49,871.66,401.95,457.78,0.302344,0.344341,364.23,254.11,238.81,false,,2022-12-31
IT_NORD,2023,autumn,91,574.24,370.47,338.10,203.76,236.14,0.354842,0.411225,157.33,101.50,92.63,false,,2023-12-31
IT_NORD,2023,spring,92,557.48,399.48,334.68,157.99,222.80,0.283408,0.399658,152.73,109.45,91.69,false,,2023-12-31
IT_NORD,2023,summer,92,458.61,360.45,313.10,98.16,145.52,0.214042,0.317294,125.65,98.75,85.78,false,,2023-12-31
IT_NORD,2023,winter,90,669.86,438.95,431.52,230.91,238.35,0.344719,0.355814,183.52,120.26,118.22,false,,2023-12-31
IT_NORD,2023,year,365,564.45,392.14,353.97,172.30,210.48,0.305262,0.372894,154.64,107.44,96.98,false,,2023-12-31
IT_NORD,2024,autumn,91,545.00,367.51,345.18,177.50,199.82,0.325679,0.366641,149.32,100.69,94.57,false,,2024-12-31
IT_NORD,2024,spring,92,402.69,286.98,211.50,115.71,191.19,0.287334,0.474786,110.33,78.63,57.94,false,,2024-12-31
IT_NORD,2024,summer,92,479.69,363.31,325.27,116.38,154.42,0.242616,0.321910,131.42,99.54,89.12,false,,2024-12-31
IT_NORD,2024,winter,91,489.03,297.68,289.17,191.35,199.86,0.391284,0.408693,133.98,81.56,79.22,false,,2024-12-31
IT_NORD,2024,year,366,478.90,328.85,292.65,150.05,186.25,0.313317,0.388913,131.20,90.10,80.18,false,,2024-12-31
IT_NORD,2025,autumn,91,500.49,349.85,307.50,150.64,192.99,0.300977,0.385600,137.12,95.85,84.25,false,,2025-12-31
IT_NORD,2025,spring,92,486.64,349.70,221.45,136.94,265.19,0.281399,0.544935,133.33,95.81,60.67,false,,2025-12-31
IT_NORD,2025,summer,92,459.81,380.80,299.17,79.01,160.64,0.171828,0.349360,125.98,104.33,81.96,false,,2025-12-31
IT_NORD,2025,winter,90,582.79,415.50,409.38,167.29,173.41,0.287048,0.297554,159.67,113.84,112.16,false,,2025-12-31
IT_NORD,2025,year,365,507.04,373.80,308.83,133.24,198.21,0.262773,0.390908,138.92,102.41,84.61,false,,2025-12-31
IT_NORD,2026,autumn,32,905.45,682.81,546.58,222.64,358.86,0.245890,0.396338,248.07,187.07,149.75,true,current_year,2026-10-02
IT_NORD,2026,spring,92,573.62,457.79,256.91,115.82,316.71,0.201915,0.552124,157.15,125.42,70.39,true,current_year,2026-10-02
IT_NORD,2026,summer,92,651.08,535.12,401.77,115.96,249.31,0.178107,0.382916,178.38,146.61,110.07,true,current_year,2026-10-02
IT_NORD,2026,winter,59,525.69,387.62,373.24,138.07,152.45,0.262642,0.289999,144.02,106.20,102.26,true,current_year,2026-10-02
IT_NORD,2026,year,275,627.86,494.79,364.04,133.07,263.82,0.211943,0.420195,172.02,135.56,99.74,true,current_year,2026-10-02
NL,2019,autumn,91,178.74,101.73,100.75,77.01,77.99,0.430863,0.436342,48.97,27.87,27.60,false,,2019-12-31
NL,2019,spring,92,165.33,119.48,113.97,45.85,51.36,0.277322,0.310631,45.30,32.73,31.23,false,,2019-12-31
NL,2019,summer,92,167.98,106.77,101.73,61.20,66.25,0.364355,0.394408,46.02,29.25,27.87,false,,2019-12-31
NL,2019,winter,89,205.96,125.42,125.47,80.54,80.49,0.391058,0.390821,56.43,34.36,34.37,false,,2019-12-31
NL,2019,year,364,179.29,113.28,110.38,66.00,68.91,0.368147,0.384326,49.12,31.04,30.24,false,,2019-12-31
NL,2020,autumn,91,202.20,97.08,92.09,105.12,110.10,0.519881,0.544540,55.40,26.60,25.23,false,,2020-12-31
NL,2020,spring,92,104.72,55.16,34.74,49.56,69.98,0.473286,0.668248,28.69,15.11,9.52,false,,2020-12-31
NL,2020,summer,92,139.24,81.28,67.08,57.96,72.16,0.416277,0.518223,38.15,22.27,18.38,false,,2020-12-31
NL,2020,winter,91,179.58,87.79,88.10,91.79,91.48,0.511145,0.509419,49.20,24.05,24.14,false,,2020-12-31
NL,2020,year,366,156.25,80.26,70.40,75.99,85.85,0.486326,0.549450,42.81,21.99,19.29,false,,2020-12-31
NL,2021,autumn,91,771.82,408.62,388.82,363.20,383.00,0.470578,0.496229,211.46,111.95,106.53,false,,2021-12-31
NL,2021,spring,92,242.32,158.44,112.22,83.87,130.09,0.346129,0.536869,66.39,43.41,30.75,false,,2021-12-31
NL,2021,summer,92,347.41,245.22,214.95,102.19,132.46,0.294154,0.381274,95.18,67.18,58.89,false,,2021-12-31
NL,2021,winter,90,511.98,278.63,270.21,233.35,241.76,0.455787,0.472216,140.27,76.34,74.03,false,,2021-12-31
NL,2021,year,365,467.31,272.32,246.03,194.99,221.28,0.417258,0.473513,128.03,74.61,67.41,false,,2021-12-31
NL,2022,autumn,91,1140.98,571.31,497.85,569.67,643.13,0.499283,0.563666,312.60,156.52,136.40,false,,2022-12-31
NL,2022,spring,92,972.96,700.96,463.86,272.00,509.10,0.279559,0.523246,266.57,192.04,127.09,false,,2022-12-31
NL,2022,summer,92,1411.47,1056.82,719.57,354.65,691.90,0.251265,0.490196,386.70,289.54,197.14,false,,2022-12-31
NL,2022,winter,90,959.88,516.17,496.07,443.72,463.82,0.462262,0.483200,262.98,141.42,135.91,false,,2022-12-31
NL,2022,year,365,1122.16,712.77,544.73,409.39,577.42,0.364824,0.514568,307.44,195.28,149.24,false,,2022-12-31
NL,2023,autumn,91,528.92,231.93,174.92,296.99,353.99,0.561507,0.669281,144.91,63.54,47.92,false,,2023-12-31
NL,2023,spring,92,440.16,307.38,146.41,132.78,293.75,0.301668,0.667370,120.59,84.21,40.11,false,,2023-12-31
NL,2023,summer,92,385.88,286.75,117.28,99.13,268.60,0.256902,0.696069,105.72,78.56,32.13,false,,2023-12-31
NL,2023,winter,90,532.47,271.96,253.22,260.51,279.26,0.489243,0.524452,145.88,74.51,69.37,false,,2023-12-31
NL,2023,year,365,471.37,274.63,172.51,196.73,298.86,0.417368,0.634018,129.14,75.24,47.26,false,,2023-12-31
NL,2024,autumn,91,534.57,255.05,176.57,279.53,358.00,0.522896,0.669702,146.46,69.88,48.37,false,,2024-12-31
NL,2024,spring,92,336.79,212.24,53.47,124.55,283.32,0.369802,0.841247,92.27,58.15,14.65,false,,2024-12-31
NL,2024,summer,92,339.30,251.65,29.98,87.65,309.33,0.258331,0.911645,92.96,68.95,8.21,false,,2024-12-31
NL,2024,winter,91,417.52,188.97,181.30,228.54,236.21,0.547385,0.565760,114.39,51.77,49.67,false,,2024-12-31
NL,2024,year,366,406.67,227.01,109.95,179.66,296.71,0.441791,0.729622,111.42,62.19,30.12,false,,2024-12-31
NL,2025,autumn,91,499.53,222.31,162.17,277.22,337.36,0.554968,0.675360,136.86,60.91,44.43,false,,2025-12-31
NL,2025,spring,92,432.09,290.10,-0.81,141.99,432.90,0.328606,1.001886,118.38,79.48,-0.22,false,,2025-12-31
NL,2025,summer,92,354.88,298.93,43.86,55.95,311.02,0.157658,0.876420,97.23,81.90,12.02,false,,2025-12-31
NL,2025,winter,90,519.87,290.53,272.41,229.34,247.46,0.441148,0.476004,142.43,79.60,74.63,false,,2025-12-31
NL,2025,year,365,451.09,275.53,118.45,175.56,332.64,0.389186,0.737414,123.59,75.49,32.45,false,,2025-12-31
NL,2026,autumn,32,820.39,524.69,215.69,295.69,604.70,0.360432,0.737089,224.76,143.75,59.09,true,current_year,2026-10-02
NL,2026,spring,92,499.59,357.23,16.57,142.37,483.03,0.284965,0.966843,136.88,97.87,4.54,true,current_year,2026-10-02
NL,2026,summer,92,499.52,443.70,88.27,55.82,411.25,0.111748,0.823286,136.85,121.56,24.18,true,current_year,2026-10-02
NL,2026,winter,59,472.33,289.64,266.87,182.69,205.45,0.386787,0.434984,129.40,79.35,73.12,true,current_year,2026-10-02
NL,2026,year,275,531.05,391.14,117.43,139.91,413.62,0.263453,0.778876,145.49,107.16,32.17,true,current_year,2026-10-02
PL,2019,autumn,11,199.69,144.89,145.95,54.79,53.74,0.274388,0.269108,54.71,39.70,39.99,true,pln_prices_excluded,2019-12-31
PL,2019,winter,31,184.80,114.77,116.78,70.03,68.02,0.378955,0.368076,50.63,31.44,32.00,true,pln_prices_excluded,2019-12-31
PL,2019,year,42,188.70,122.66,124.42,66.04,64.28,0.349974,0.340648,51.70,33.61,34.09,true,pln_prices_excluded,2019-12-31
PL,2020,autumn,91,225.10,152.72,152.42,72.38,72.67,0.321554,0.322854,61.67,41.84,41.76,false,,2020-12-31
PL,2020,spring,92,145.10,105.13,103.77,39.97,41.32,0.275437,0.284802,39.75,28.80,28.43,false,,2020-12-31
PL,2020,summer,92,185.18,154.89,155.05,30.29,30.13,0.163580,0.162685,50.73,42.43,42.48,false,,2020-12-31
PL,2020,winter,91,201.19,119.56,121.14,81.63,80.04,0.405734,0.397852,55.12,32.76,33.19,false,,2020-12-31
PL,2020,year,366,189.01,133.06,133.08,55.95,55.93,0.296028,0.295915,51.78,36.45,36.46,false,,2020-12-31
PL,2021,autumn,91,517.20,295.41,290.53,221.80,226.67,0.428841,0.438265,141.70,80.93,79.60,false,,2021-12-31
PL,2021,spring,92,250.32,191.47,187.81,58.85,62.51,0.235111,0.249712,68.58,52.46,51.46,false,,2021-12-31
PL,2021,summer,92,324.98,249.88,246.66,75.10,78.33,0.231083,0.241015,89.04,68.46,67.58,false,,2021-12-31
PL,2021,winter,90,434.46,242.76,239.05,191.70,195.41,0.441245,0.449777,119.03,66.51,65.49,false,,2021-12-31
PL,2021,year,365,381.08,244.75,240.89,136.33,140.19,0.357745,0.367884,104.41,67.06,66.00,false,,2021-12-31
PL,2022,autumn,91,753.38,458.54,437.52,294.84,315.85,0.391355,0.419249,206.40,125.63,119.87,false,,2022-12-31
PL,2022,spring,92,658.52,430.34,364.39,228.18,294.13,0.346509,0.446651,180.42,117.90,99.83,false,,2022-12-31
PL,2022,summer,92,1164.10,629.89,506.55,534.20,657.54,0.458900,0.564853,318.93,172.57,138.78,false,,2022-12-31
PL,2022,winter,90,616.72,385.49,382.20,231.23,234.52,0.374932,0.380268,168.96,105.61,104.71,false,,2022-12-31
PL,2022,year,365,799.30,476.61,422.85,322.69,376.45,0.403713,0.470973,218.99,130.58,115.85,false,,2022-12-31
PL,2023,autumn,91,506.87,279.90,240.36,226.97,266.51,0.447786,0.525793,138.87,76.68,65.85,false,,2023-12-31
PL,2023,spring,92,502.19,382.46,333.95,119.73,168.24,0.238416,0.335017,137.59,104.78,91.49,false,,2023-12-31
PL,2023,summer,92,523.24,349.32,302.75,173.92,220.49,0.332384,0.421395,143.35,95.70,82.94,false,,2023-12-31
PL,2023,winter,90,496.14,323.26,316.17,172.88,179.97,0.348444,0.362742,135.93,88.57,86.62,false,,2023-12-31
PL,2023,year,365,507.17,333.94,298.37,173.23,208.80,0.341560,0.411701,138.95,91.49,81.74,false,,2023-12-31
PL,2024,autumn,91,662.55,269.37,192.99,393.17,469.56,0.593426,0.708721,181.52,73.80,52.87,false,,2024-12-31
PL,2024,spring,92,385.34,277.85,188.44,107.49,196.90,0.278951,0.510969,105.57,76.12,51.63,false,,2024-12-31
PL,2024,summer,92,590.55,325.06,161.90,265.49,428.64,0.449558,0.725841,161.79,89.06,44.36,false,,2024-12-31
PL,2024,winter,91,399.82,234.04,230.26,165.78,169.56,0.414641,0.424093,109.54,64.12,63.08,false,,2024-12-31
PL,2024,year,366,509.44,276.72,193.30,232.73,316.15,0.456827,0.620571,139.57,75.81,52.96,false,,2024-12-31
PL,2025,autumn,91,630.46,305.43,233.73,325.04,396.73,0.515550,0.629268,172.73,83.68,64.04,false,,2025-12-31
PL,2025,spring,92,525.83,332.29,78.51,193.54,447.32,0.368070,0.850687,144.06,91.04,21.51,false,,2025-12-31
PL,2025,summer,92,489.18,327.51,94.40,161.68,394.78,0.330506,0.807028,134.02,89.73,25.86,false,,2025-12-31
PL,2025,winter,90,544.69,337.38,314.74,207.30,229.95,0.380589,0.422169,149.23,92.43,86.23,false,,2025-12-31
PL,2025,year,365,547.33,325.64,179.46,221.69,367.87,0.405034,0.672112,149.95,89.22,49.17,false,,2025-12-31
PL,2026,autumn,32,885.68,493.16,196.92,392.52,688.76,0.443181,0.777658,242.65,135.11,53.95,true,current_year,2026-10-02
PL,2026,spring,92,540.22,375.44,11.48,164.78,528.73,0.305026,0.978747,148.00,102.86,3.15,true,current_year,2026-10-02
PL,2026,summer,92,598.82,445.09,131.19,153.73,467.63,0.256724,0.780913,164.06,121.94,35.94,true,current_year,2026-10-02
PL,2026,winter,59,601.29,343.15,322.45,258.13,278.83,0.429303,0.463729,164.74,94.01,88.34,true,current_year,2026-10-02
PL,2026,year,275,613.12,405.51,139.83,207.61,473.30,0.338615,0.771944,167.98,111.10,38.31,true,current_year,2026-10-02
PT,2019,autumn,91,185.77,130.80,128.20,54.97,57.57,0.295895,0.309891,50.90,35.84,35.12,false,,2019-12-31
PT,2019,spring,92,186.45,158.08,149.95,28.37,36.51,0.152157,0.195790,51.08,43.31,41.08,false,,2019-12-31
PT,2019,summer,92,174.87,156.34,154.19,18.53,20.68,0.105980,0.118277,47.91,42.83,42.24,false,,2019-12-31
PT,2019,winter,90,211.39,143.60,143.55,67.79,67.84,0.320695,0.320925,57.91,39.34,39.33,false,,2019-12-31
PT,2019,year,365,189.51,147.27,144.02,42.24,45.50,0.222900,0.240065,51.92,40.35,39.46,false,,2019-12-31
PT,2020,autumn,91,174.02,115.69,112.07,58.33,61.95,0.335179,0.355993,47.68,31.70,30.70,false,,2020-12-31
PT,2020,spring,92,93.23,69.36,62.85,23.87,30.38,0.255998,0.325834,25.54,19.00,17.22,false,,2020-12-31
PT,2020,summer,92,131.88,105.64,100.26,26.25,31.63,0.199005,0.239814,36.13,28.94,27.47,false,,2020-12-31
PT,2020,winter,91,175.25,107.64,106.07,67.61,69.18,0.385791,0.394760,48.01,29.49,29.06,false,,2020-12-31
PT,2020,year,366,143.43,99.52,95.24,43.91,48.19,0.306143,0.335990,39.30,27.27,26.09,false,,2020-12-31
PT,2021,autumn,91,782.41,581.62,544.05,200.80,238.37,0.256637,0.304655,214.36,159.35,149.05,false,,2021-12-31
PT,2021,spring,92,245.80,196.00,164.90,49.79,80.90,0.202582,0.329116,67.34,53.70,45.18,false,,2021-12-31
PT,2021,summer,92,357.63,325.72,289.21,31.91,68.42,0.089233,0.191313,97.98,89.24,79.24,false,,2021-12-31
PT,2021,winter,90,512.98,295.89,297.32,217.09,215.67,0.423190,0.420418,140.54,81.07,81.46,false,,2021-12-31
PT,2021,year,365,473.65,349.47,323.41,124.18,150.24,0.262186,0.317199,129.77,95.74,88.61,false,,2021-12-31
PT,2022,autumn,91,606.75,383.64,318.86,223.11,287.89,0.367706,0.474481,166.23,105.11,87.36,false,,2022-12-31
PT,2022,spring,92,910.49,727.17,621.87,183.33,288.62,0.201350,0.316996,249.45,199.22,170.38,false,,2022-12-31
PT,2022,summer,92,587.75,543.56,460.23,44.19,127.52,0.075184,0.216968,161.03,148.92,126.09,false,,2022-12-31
PT,2022,winter,90,752.70,492.16,469.70,260.54,282.99,0.346136,0.375972,206.22,134.84,128.69,false,,2022-12-31
PT,2022,year,365,714.51,537.30,468.06,177.21,246.45,0.248019,0.344917,195.76,147.20,128.24,false,,2022-12-31
PT,2023,autumn,91,417.88,267.78,203.60,150.09,214.27,0.359184,0.512765,114.49,73.37,55.78,false,,2023-12-31
PT,2023,spring,92,355.23,285.22,157.64,70.01,197.60,0.197082,0.556240,97.32,78.14,43.19,false,,2023-12-31
PT,2023,summer,92,384.01,339.93,255.53,44.09,128.49,0.114806,0.334586,105.21,93.13,70.01,false,,2023-12-31
PT,2023,winter,90,465.67,255.31,231.40,210.36,234.27,0.451731,0.503088,127.58,69.95,63.40,false,,2023-12-31
PT,2023,year,365,405.34,287.29,211.96,118.05,193.38,0.291235,0.477079,111.05,78.71,58.07,false,,2023-12-31
PT,2024,autumn,91,425.05,262.83,159.32,162.22,265.73,0.381648,0.625174,116.45,72.01,43.65,false,,2024-12-31
PT,2024,spring,92,115.48,77.14,13.47,38.35,102.01,0.332044,0.883319,31.64,21.13,3.69,false,,2024-12-31
PT,2024,summer,92,297.08,305.35,142.22,-8.27,154.86,-0.027837,0.521263,81.39,83.66,38.96,false,,2024-12-31
PT,2024,winter,91,377.86,218.25,191.18,159.61,186.69,0.422404,0.494058,103.52,59.80,52.38,false,,2024-12-31
PT,2024,year,366,303.33,215.76,126.28,87.58,177.05,0.288716,0.583688,83.11,59.11,34.60,false,,2024-12-31
PT,2025,autumn,91,385.02,232.39,66.80,152.63,318.22,0.396428,0.826510,105.49,63.67,18.30,false,,2025-12-31
PT,2025,spring,92,206.45,101.62,36.66,104.84,169.80,0.507798,0.822436,56.56,27.84,10.04,false,,2025-12-31
PT,2025,summer,92,310.39,318.68,72.54,-8.28,237.86,-0.026683,0.766307,85.04,87.31,19.87,false,,2025-12-31
PT,2025,winter,90,491.64,269.14,209.22,222.50,282.42,0.452560,0.574449,134.70,73.74,57.32,false,,2025-12-31
PT,2025,year,365,347.49,230.24,95.76,117.25,251.73,0.337427,0.724411,95.20,63.08,26.24,false,,2025-12-31
PT,2026,autumn,32,787.84,645.91,105.13,141.92,682.71,0.180143,0.866561,215.85,176.96,28.80,true,current_year,2026-10-02
PT,2026,spring,92,245.94,202.97,10.58,42.97,235.36,0.174707,0.956987,67.38,55.61,2.90,true,current_year,2026-10-02
PT,2026,summer,92,408.22,487.28,79.07,-79.06,329.15,-0.193665,0.806302,111.84,133.50,21.66,true,current_year,2026-10-02
PT,2026,winter,59,258.81,104.02,88.95,154.79,169.85,0.598086,0.656291,70.91,28.50,24.37,true,current_year,2026-10-02
PT,2026,year,275,366.05,328.40,61.31,37.65,304.74,0.102856,0.832508,100.29,89.97,16.80,true,current_year,2026-10-02
