zone,month,local_hour
BE,1,4
BE,2,4
BE,3,13
BE,4,14
BE,5,13
BE,6,14
BE,7,14
BE,8,13
BE,9,13
BE,10,3
BE,11,3
BE,12,4
DE_LU,1,3
DE_LU,2,3
DE_LU,3,13
DE_LU,4,13
DE_LU,5,13
DE_LU,6,14
DE_LU,7,14
DE_LU,8,13
DE_LU,9,13
DE_LU,10,13
DE_LU,11,3
DE_LU,12,3
ES,1,4
ES,2,14
ES,3,14
ES,4,15
ES,5,15
ES,6,15
ES,7,15
ES,8,13
ES,9,14
ES,10,14
ES,11,13
ES,12,4
FR,1,4
FR,2,4
FR,3,14
FR,4,14
FR,5,14
FR,6,14
FR,7,14
FR,8,13
FR,9,14
FR,10,14
FR,11,4
FR,12,4
IT_NORD,1,3
IT_NORD,2,3
IT_NORD,3,13
IT_NORD,4,13
IT_NORD,5,13
IT_NORD,6,13
IT_NORD,7,13
IT_NORD,8,13
IT_NORD,9,13
IT_NORD,10,13
IT_NORD,11,3
IT_NORD,12,4
NL,1,4
NL,2,3
NL,3,13
NL,4,13
NL,5,13
NL,6,14
NL,7,14
NL,8,13
NL,9,13
NL,10,3
NL,11,4
NL,12,4
PL,1,3
PL,2,12
PL,3,12
PL,4,13
PL,5,12
PL,6,13
PL,7,13
PL,8,13
PL,9,13
PL,10,12
PL,11,2
PL,12,3
PT,1,3
PT,2,13
PT,3,13
PT,4,14
PT,5,15
PT,6,13
PT,7,14
PT,8,12
PT,9,13
PT,10,13
PT,11,12
PT,12,3
